Bus Number,Service Date,Today's Date,AM Pull-out Route/Down/NIS,AM Pullout Down Bus Reason 1,AM Pullout Down Bus Reason 2
1130.0,2023-08-23,2023-08-23 04:33:09,Down,A/C (HVAC) Issues,
1131.0,2023-08-23,2023-08-23 04:33:09,Down,A/C (HVAC) Issues,
1132.0,2023-08-23,2023-08-23 04:33:09,Down,A/C (HVAC) Issues,
1133.0,2023-08-23,2023-08-23 04:33:09,Down,A/C (HVAC) Issues,
1134.0,2023-08-23,2023-08-23 04:33:09,Down,Transmission Issues,
1135.0,2023-08-23,2023-08-23 04:33:09,Down,Mid-life Refurbishment,
1136.0,2023-08-23,2023-08-23 04:33:09,Down,Transmission Issues,
1137.0,2023-08-23,2023-08-23 04:33:09,Down,Follow Up,
1138.0,2023-08-23,2023-08-23 04:33:09,Down,Accident Damage,
1139.0,2023-08-23,2023-08-23 04:33:09,WP-AM,,
1140.0,2023-08-23,2023-08-23 04:33:09,WP-AM,,
1141.0,2023-08-23,2023-08-23 04:33:09,Down,Overheating Engine,
1142.0,2023-08-23,2023-08-23 04:33:09,GT-US,,
1143.0,2023-08-23,2023-08-23 04:33:09,GT-US,,
2001.0,2023-08-23,2023-08-23 04:33:09,GT-US,,
2002.0,2023-08-23,2023-08-23 04:33:09,RS-DP,,
2003.0,2023-08-23,2023-08-23 04:33:09,Down,Bae Issues/Doesn't Move/Cluster,
2004.0,2023-08-23,2023-08-23 04:33:09,CH-US,,
2005.0,2023-08-23,2023-08-23 04:33:09,WP-AM,,
2006.0,2023-08-23,2023-08-23 04:33:09,EM-LP,,
2007.0,2023-08-23,2023-08-23 04:33:09,Down,Follow Up,
2008.0,2023-08-23,2023-08-23 04:33:09,CH-US,,
2009.0,2023-08-23,2023-08-23 04:33:09,Down,Bae Issues/Doesn't Move/Cluster,
2010.0,2023-08-23,2023-08-23 04:33:09,EM-LP,,
2011.0,2023-08-23,2023-08-23 04:33:09,CH-US,,
2012.0,2023-08-23,2023-08-23 04:33:09,RS-DP,,
2013.0,2023-08-23,2023-08-23 04:33:09,Down,Check/Stop System/Engine Lights,
2014.0,2023-08-23,2023-08-23 04:33:09,EM-LP,,
2015.0,2023-08-23,2023-08-23 04:33:09,GT-US,,
2016.0,2023-08-23,2023-08-23 04:33:09,GT-US,,
2017.0,2023-08-23,2023-08-23 04:33:09,CH-US,,
2018.0,2023-08-23,2023-08-23 04:33:09,Down,Fire Suppression System/Discharge/No Start,
2101.0,2023-08-23,2023-08-23 04:33:09,GT-US,,
2102.0,2023-08-23,2023-08-23 04:33:09,GT-US,,
2103.0,2023-08-23,2023-08-23 04:33:09,CH-US,,
2104.0,2023-08-23,2023-08-23 04:33:09,WP-AM,,
2105.0,2023-08-23,2023-08-23 04:33:09,Spare,,
2106.0,2023-08-23,2023-08-23 04:33:09,NMS,,
2107.0,2023-08-23,2023-08-23 04:33:09,Down,Fire Suppression System/Discharge/No Start,
2108.0,2023-08-23,2023-08-23 04:33:09,Down,Check/Stop System/Engine Lights,
2109.0,2023-08-23,2023-08-23 04:33:09,Spare,,
2110.0,2023-08-23,2023-08-23 04:33:09,EM-LP,,
2111.0,2023-08-23,2023-08-23 04:33:09,GT-US,,
2112.0,2023-08-23,2023-08-23 04:33:09,GT-US,,
2113.0,2023-08-23,2023-08-23 04:33:09,CH-US,,
2114.0,2023-08-23,2023-08-23 04:33:09,NMS,,
2115.0,2023-08-23,2023-08-23 04:33:09,CH-US,,
2116.0,2023-08-23,2023-08-23 04:33:09,RS-DP,,
2117.0,2023-08-23,2023-08-23 04:33:09,EM-LP,,
2118.0,2023-08-23,2023-08-23 04:33:09,Spare,,
2119.0,2023-08-23,2023-08-23 04:33:09,CH-US,,
2120.0,2023-08-23,2023-08-23 04:33:09,NMS,,
2121.0,2023-08-23,2023-08-23 04:33:09,RS-DP,,
2122.0,2023-08-23,2023-08-23 04:33:09,EM-LP,,
2123.0,2023-08-23,2023-08-23 04:33:09,Spare,,
2124.0,2023-08-23,2023-08-23 04:33:09,CH-US,,
2125.0,2023-08-23,2023-08-23 04:33:09,NMS,,
2126.0,2023-08-23,2023-08-23 04:33:09,GT-US,,
3001.0,2023-08-23,2023-08-23 04:33:09,Spare,,
3002.0,2023-08-23,2023-08-23 04:33:09,Spare,,
3003.0,2023-08-23,2023-08-23 04:33:09,Down,Air Leak,
3004.0,2023-08-23,2023-08-23 04:33:09,RS-DP,,
3005.0,2023-08-23,2023-08-23 04:33:09,GT-US,,
3006.0,2023-08-23,2023-08-23 04:33:09,Spare,,
3007.0,2023-08-23,2023-08-23 04:33:09,CH-US,,
3008.0,2023-08-23,2023-08-23 04:33:09,Spare,,
3009.0,2023-08-23,2023-08-23 04:33:09,Down,DC/DC#2,
3010.0,2023-08-23,2023-08-23 04:33:09,Down,Accident Damage,
3011.0,2023-08-23,2023-08-23 04:33:09,Spare,,
3012.0,2023-08-23,2023-08-23 04:33:09,Spare,,
3013.0,2023-08-23,2023-08-23 04:33:09,Spare,,
3014.0,2023-08-23,2023-08-23 04:33:09,Spare,,
3101.0,2023-08-23,2023-08-23 04:33:09,Spare,,
1130.0,2023-08-22,2023-08-22 04:17:51,Down,A/C (HVAC) Issues,
1131.0,2023-08-22,2023-08-22 04:17:51,Down,A/C (HVAC) Issues,
1132.0,2023-08-22,2023-08-22 04:17:51,Down,A/C (HVAC) Issues,
1133.0,2023-08-22,2023-08-22 04:17:51,Down,A/C (HVAC) Issues,
1134.0,2023-08-22,2023-08-22 04:17:51,Down,Transmission Issues,
1135.0,2023-08-22,2023-08-22 04:17:51,Down,Mid-life Refurbishment,
1136.0,2023-08-22,2023-08-22 04:17:51,Down,Transmission Issues,
1137.0,2023-08-22,2023-08-22 04:17:51,Down,Awaiting Services,
1138.0,2023-08-22,2023-08-22 04:17:51,Down,Accident Damage,
1139.0,2023-08-22,2023-08-22 04:17:51,GT-US,,
1140.0,2023-08-22,2023-08-22 04:17:51,WP-AM,,
1141.0,2023-08-22,2023-08-22 04:17:51,Down,Not Specified,
1142.0,2023-08-22,2023-08-22 04:17:51,RS-DP,,
1143.0,2023-08-22,2023-08-22 04:17:51,WP-AM,,
2001.0,2023-08-22,2023-08-22 04:17:51,WP-AM,,
2002.0,2023-08-22,2023-08-22 04:17:51,GT-US,,
2003.0,2023-08-22,2023-08-22 04:17:51,Down,Bae Issues/Doesn't Move/Cluster,
2004.0,2023-08-22,2023-08-22 04:17:51,CH-US,,
2005.0,2023-08-22,2023-08-22 04:17:51,CH-US,,
2006.0,2023-08-22,2023-08-22 04:17:51,CH-US,,
2007.0,2023-08-22,2023-08-22 04:17:51,RS-DP,,
2008.0,2023-08-22,2023-08-22 04:17:51,RS-DP,,
2009.0,2023-08-22,2023-08-22 04:17:51,Down,Bae Issues/Doesn't Move/Cluster,
2010.0,2023-08-22,2023-08-22 04:17:51,NMS,,
2011.0,2023-08-22,2023-08-22 04:17:51,CH-US,,
2012.0,2023-08-22,2023-08-22 04:17:51,Down,Not Specified,
2013.0,2023-08-22,2023-08-22 04:17:51,Down,Not Specified,
2014.0,2023-08-22,2023-08-22 04:17:51,NMS,,
2015.0,2023-08-22,2023-08-22 04:17:51,WP-AM,,
2016.0,2023-08-22,2023-08-22 04:17:51,WP-AM,,
2017.0,2023-08-22,2023-08-22 04:17:51,Spare,,
2018.0,2023-08-22,2023-08-22 04:17:51,Down,Fire Suppression System/Discharge/No Start,
2101.0,2023-08-22,2023-08-22 04:17:51,EM-LP,,
2102.0,2023-08-22,2023-08-22 04:17:51,Down,Electrical Issues,
2103.0,2023-08-22,2023-08-22 04:17:51,GT-US,,
2104.0,2023-08-22,2023-08-22 04:17:51,RS-DP,,
2105.0,2023-08-22,2023-08-22 04:17:51,CH-US,,
2106.0,2023-08-22,2023-08-22 04:17:51,EM-LP,,
2107.0,2023-08-22,2023-08-22 04:17:51,Down,Fire Suppression System/Discharge/No Start,
2108.0,2023-08-22,2023-08-22 04:17:51,Down,Transmission Issues,
2109.0,2023-08-22,2023-08-22 04:17:51,NMS,,
2110.0,2023-08-22,2023-08-22 04:17:51,Spare,,
2111.0,2023-08-22,2023-08-22 04:17:51,CH-US,,
2112.0,2023-08-22,2023-08-22 04:17:51,RS-DP,,
2113.0,2023-08-22,2023-08-22 04:17:51,CH-US,,
2114.0,2023-08-22,2023-08-22 04:17:51,EM-LP,,
2115.0,2023-08-22,2023-08-22 04:17:51,CH-US,,
2116.0,2023-08-22,2023-08-22 04:17:51,GT-US,,
2117.0,2023-08-22,2023-08-22 04:17:51,EM-LP,,
2118.0,2023-08-22,2023-08-22 04:17:51,GT-US,,
2119.0,2023-08-22,2023-08-22 04:17:51,CH-US,,
2120.0,2023-08-22,2023-08-22 04:17:51,WP-AM,,
2121.0,2023-08-22,2023-08-22 04:17:51,GT-US,,
2122.0,2023-08-22,2023-08-22 04:17:51,NMS,,
2123.0,2023-08-22,2023-08-22 04:17:51,EM-LP,,
2124.0,2023-08-22,2023-08-22 04:17:51,GT-US,,
2125.0,2023-08-22,2023-08-22 04:17:51,GT-US,,
2126.0,2023-08-22,2023-08-22 04:17:51,GT-US,,
3001.0,2023-08-22,2023-08-22 04:17:51,Spare,,
3002.0,2023-08-22,2023-08-22 04:17:51,Down,Low Charge, Other
3003.0,2023-08-22,2023-08-22 04:17:51,Down,A/C (HVAC) Issues,
3004.0,2023-08-22,2023-08-22 04:17:51,EM-LP,,
3005.0,2023-08-22,2023-08-22 04:17:51,WP-AM,,
3006.0,2023-08-22,2023-08-22 04:17:51,Spare,,
3007.0,2023-08-22,2023-08-22 04:17:51,RS-DP,,
3008.0,2023-08-22,2023-08-22 04:17:51,GT-US,,
3009.0,2023-08-22,2023-08-22 04:17:51,Down,DC/DC#2,
3010.0,2023-08-22,2023-08-22 04:17:51,Down,Accident Damage,
3011.0,2023-08-22,2023-08-22 04:17:51,Spare,,
3012.0,2023-08-22,2023-08-22 04:17:51,Spare,,
3013.0,2023-08-22,2023-08-22 04:17:51,Spare,,
3014.0,2023-08-22,2023-08-22 04:17:51,RS-DP,,
3101.0,2023-08-22,2023-08-22 04:17:51,Spare,,
1130.0,2023-08-21,2023-08-21 03:53:41,Down,A/C (HVAC) Issues,
1131.0,2023-08-21,2023-08-21 03:53:41,Down,A/C (HVAC) Issues,
1132.0,2023-08-21,2023-08-21 03:53:41,Down,A/C (HVAC) Issues,
1133.0,2023-08-21,2023-08-21 03:53:41,Down,A/C (HVAC) Issues,
1134.0,2023-08-21,2023-08-21 03:53:41,Down,Transmission Issues,
1135.0,2023-08-21,2023-08-21 03:53:41,Down,Mid-life Refurbishment,
1136.0,2023-08-21,2023-08-21 03:53:41,Down,Transmission Issues,
1137.0,2023-08-21,2023-08-21 03:53:41,RS-DP,,
1138.0,2023-08-21,2023-08-21 03:53:41,Down,Accident Damage,
1139.0,2023-08-21,2023-08-21 03:53:41,WP-AM,,
1140.0,2023-08-21,2023-08-21 03:53:41,RS-DP,,
1141.0,2023-08-21,2023-08-21 03:53:41,Down,Overheating Engine,
1142.0,2023-08-21,2023-08-21 03:53:41,WP-AM,,
1143.0,2023-08-21,2023-08-21 03:53:41,WP-AM,,
2001.0,2023-08-21,2023-08-21 03:53:41,CH-US,,
2002.0,2023-08-21,2023-08-21 03:53:41,GT-US,,
2003.0,2023-08-21,2023-08-21 03:53:41,Down,Bae Issues/Doesn't Move/Cluster,
2004.0,2023-08-21,2023-08-21 03:53:41,CH-US,,
2005.0,2023-08-21,2023-08-21 03:53:41,GT-US,,
2006.0,2023-08-21,2023-08-21 03:53:41,CH-US,,
2007.0,2023-08-21,2023-08-21 03:53:41,WP-AM,,
2008.0,2023-08-21,2023-08-21 03:53:41,GT-US,,
2009.0,2023-08-21,2023-08-21 03:53:41,Down,Bae Issues/Doesn't Move/Cluster,
2010.0,2023-08-21,2023-08-21 03:53:41,EM-LP,,
2011.0,2023-08-21,2023-08-21 03:53:41,CH-US,,
2012.0,2023-08-21,2023-08-21 03:53:41,Down,Audit Bus,
2013.0,2023-08-21,2023-08-21 03:53:41,Down,Check/Stop System/Engine Lights,
2014.0,2023-08-21,2023-08-21 03:53:41,NMS,,
2015.0,2023-08-21,2023-08-21 03:53:41,GT-US,,
2016.0,2023-08-21,2023-08-21 03:53:41,RS-DP,,
2017.0,2023-08-21,2023-08-21 03:53:41,EM-LP,,
2018.0,2023-08-21,2023-08-21 03:53:41,Down,Fire Suppression System/Discharge/No Start,
2101.0,2023-08-21,2023-08-21 03:53:41,Spare,,
2102.0,2023-08-21,2023-08-21 03:53:41,Down,Rear Door Issues,
2103.0,2023-08-21,2023-08-21 03:53:41,RS-DP,,
2104.0,2023-08-21,2023-08-21 03:53:41,Down,Follow Up,
2105.0,2023-08-21,2023-08-21 03:53:41,NMS,,
2106.0,2023-08-21,2023-08-21 03:53:41,Spare,,
2107.0,2023-08-21,2023-08-21 03:53:41,Down,Fire Suppression System/Discharge/No Start,
2108.0,2023-08-21,2023-08-21 03:53:41,Down,Check/Stop System/Engine Lights,
2109.0,2023-08-21,2023-08-21 03:53:41,EM-LP,,
2110.0,2023-08-21,2023-08-21 03:53:41,Spare,,
2111.0,2023-08-21,2023-08-21 03:53:41,RS-DP,,
2112.0,2023-08-21,2023-08-21 03:53:41,GT-US,,
2113.0,2023-08-21,2023-08-21 03:53:41,CH-US,,
2114.0,2023-08-21,2023-08-21 03:53:41,NMS,,
2115.0,2023-08-21,2023-08-21 03:53:41,CH-US,,
2116.0,2023-08-21,2023-08-21 03:53:41,WP-AM,,
2117.0,2023-08-21,2023-08-21 03:53:41,EM-LP,,
2118.0,2023-08-21,2023-08-21 03:53:41,GT-US,,
2119.0,2023-08-21,2023-08-21 03:53:41,WP-AM,,
2120.0,2023-08-21,2023-08-21 03:53:41,CH-US,,
2121.0,2023-08-21,2023-08-21 03:53:41,CH-US,,
2122.0,2023-08-21,2023-08-21 03:53:41,EM-LP,,
2123.0,2023-08-21,2023-08-21 03:53:41,NMS,,
2124.0,2023-08-21,2023-08-21 03:53:41,GT-US,,
2125.0,2023-08-21,2023-08-21 03:53:41,GT-US,,
2126.0,2023-08-21,2023-08-21 03:53:41,Spare,,
3001.0,2023-08-21,2023-08-21 03:53:41,Down,Low Charge,
3002.0,2023-08-21,2023-08-21 03:53:41,Down,Low Charge,
3003.0,2023-08-21,2023-08-21 03:53:41,Down,Awaiting Service,
3004.0,2023-08-21,2023-08-21 03:53:41,Down,Low Charge,
3005.0,2023-08-21,2023-08-21 03:53:41,Down,Low Charge,
3006.0,2023-08-21,2023-08-21 03:53:41,Down,Low Charge,
3007.0,2023-08-21,2023-08-21 03:53:41,Down,Low Charge,
3008.0,2023-08-21,2023-08-21 03:53:41,Down,Low Charge,
3009.0,2023-08-21,2023-08-21 03:53:41,Down,Low Charge,
3010.0,2023-08-21,2023-08-21 03:53:41,Down,Low Charge,
3011.0,2023-08-21,2023-08-21 03:53:41,Spare,,
3012.0,2023-08-21,2023-08-21 03:53:41,Down,Low Charge,
3013.0,2023-08-21,2023-08-21 03:53:41,Down,Low Charge,
3014.0,2023-08-21,2023-08-21 03:53:41,Down,Low Charge,
3101.0,2023-08-21,2023-08-21 03:53:41,Spare,,
1130.0,2023-08-20,2023-08-20 04:35:51,Down,A/C (HVAC) Issues,
1131.0,2023-08-20,2023-08-20 04:35:51,Down,A/C (HVAC) Issues,
1132.0,2023-08-20,2023-08-20 04:35:51,Down,A/C (HVAC) Issues,
1133.0,2023-08-20,2023-08-20 04:35:51,Down,A/C (HVAC) Issues,
1134.0,2023-08-20,2023-08-20 04:35:51,Down,Transmission Issues,
1135.0,2023-08-20,2023-08-20 04:35:51,Down,Mid-life Refurbishment,
1136.0,2023-08-20,2023-08-20 04:35:51,Down,Transmission Issues,
1137.0,2023-08-20,2023-08-20 04:35:51,WP-AM,,
1138.0,2023-08-20,2023-08-20 04:35:51,Down,Accident Damage,
1139.0,2023-08-20,2023-08-20 04:35:51,RS-DP,,
1140.0,2023-08-20,2023-08-20 04:35:51,GT-US,,
1141.0,2023-08-20,2023-08-20 04:35:51,Down,Overheating Engine,
1142.0,2023-08-20,2023-08-20 04:35:51,RS-DP,,
1143.0,2023-08-20,2023-08-20 04:35:51,GT-US,,
2001.0,2023-08-20,2023-08-20 04:35:51,GT-US,,
2002.0,2023-08-20,2023-08-20 04:35:51,RS-DP,,
2003.0,2023-08-20,2023-08-20 04:35:51,Down,Bae Issues/Doesn't Move/Cluster,
2004.0,2023-08-20,2023-08-20 04:35:51,GT-US,,
2005.0,2023-08-20,2023-08-20 04:35:51,CH-US,,
2006.0,2023-08-20,2023-08-20 04:35:51,GT-US,,
2007.0,2023-08-20,2023-08-20 04:35:51,GT-US,,
2008.0,2023-08-20,2023-08-20 04:35:51,CH-US,,
2009.0,2023-08-20,2023-08-20 04:35:51,Down,Bae Issues/Doesn't Move/Cluster,
2010.0,2023-08-20,2023-08-20 04:35:51,NMS,,
2011.0,2023-08-20,2023-08-20 04:35:51,RS-DP,,
2012.0,2023-08-20,2023-08-20 04:35:51,GT-US,,
2013.0,2023-08-20,2023-08-20 04:35:51,Down,Check/Stop System/Engine Lights,
2014.0,2023-08-20,2023-08-20 04:35:51,WP-AM,,
2015.0,2023-08-20,2023-08-20 04:35:51,GT-US,,
2016.0,2023-08-20,2023-08-20 04:35:51,WP-AM,,
2017.0,2023-08-20,2023-08-20 04:35:51,NMS,,
2018.0,2023-08-20,2023-08-20 04:35:51,Down,Fire Suppression System/Discharge/No Start,
2101.0,2023-08-20,2023-08-20 04:35:51,EM-LP,,
2102.0,2023-08-20,2023-08-20 04:35:51,Down,Not Specified,
2103.0,2023-08-20,2023-08-20 04:35:51,CH-US,,
2104.0,2023-08-20,2023-08-20 04:35:51,Down,Follow Up,
2105.0,2023-08-20,2023-08-20 04:35:51,EM-LP,,
2106.0,2023-08-20,2023-08-20 04:35:51,CH-US,,
2107.0,2023-08-20,2023-08-20 04:35:51,DOWN,Fire Suppression System/Discharge/No Start,
2108.0,2023-08-20,2023-08-20 04:35:51,Down,Check/Stop System/Engine Lights,
2109.0,2023-08-20,2023-08-20 04:35:51,Spare,,
2110.0,2023-08-20,2023-08-20 04:35:51,CH-US,,
2111.0,2023-08-20,2023-08-20 04:35:51,RS-DP,,
2112.0,2023-08-20,2023-08-20 04:35:51,CH-US,,
2113.0,2023-08-20,2023-08-20 04:35:51,Down,Not Specified,
2114.0,2023-08-20,2023-08-20 04:35:51,NMS,,
2115.0,2023-08-20,2023-08-20 04:35:51,Spare,,
2116.0,2023-08-20,2023-08-20 04:35:51,CH-US,,
2117.0,2023-08-20,2023-08-20 04:35:51,Spare,,
2118.0,2023-08-20,2023-08-20 04:35:51,GT-US,,
2119.0,2023-08-20,2023-08-20 04:35:51,WP-AM,,
2120.0,2023-08-20,2023-08-20 04:35:51,GT-US,,
2121.0,2023-08-20,2023-08-20 04:35:51,WP-AM,,
2122.0,2023-08-20,2023-08-20 04:35:51,EM-LP,,
2123.0,2023-08-20,2023-08-20 04:35:51,CH-US,,
2124.0,2023-08-20,2023-08-20 04:35:51,EM-LP,,
2125.0,2023-08-20,2023-08-20 04:35:51,WP-AM,,
2126.0,2023-08-20,2023-08-20 04:35:51,EM-LP,,
3001.0,2023-08-20,2023-08-20 04:35:51,Down,Not Specified,
3002.0,2023-08-20,2023-08-20 04:35:51,Spare,,
3003.0,2023-08-20,2023-08-20 04:35:51,Down,Transmission Issues,
3004.0,2023-08-20,2023-08-20 04:35:51,Spare,,
3005.0,2023-08-20,2023-08-20 04:35:51,Spare,,
3006.0,2023-08-20,2023-08-20 04:35:51,Spare,,
3007.0,2023-08-20,2023-08-20 04:35:51,Down,Not Specified,
3008.0,2023-08-20,2023-08-20 04:35:51,Spare,,
3009.0,2023-08-20,2023-08-20 04:35:51,Down,DC/DC#2, Power Issues
3010.0,2023-08-20,2023-08-20 04:35:51,Down,Accident Damage,
3011.0,2023-08-20,2023-08-20 04:35:51,WP-AM,,
3012.0,2023-08-20,2023-08-20 04:35:51,Spare,,
3013.0,2023-08-20,2023-08-20 04:35:51,Down,Not Specified,
3014.0,2023-08-20,2023-08-20 04:35:51,Spare,,
3101.0,2023-08-20,2023-08-20 04:35:51,Spare,,
1130.0,2023-08-19,2023-08-19 07:34:40,Down,A/C (HVAC) Issues,
1131.0,2023-08-19,2023-08-19 07:34:40,Down,DC/DC#2,
1132.0,2023-08-19,2023-08-19 07:34:40,Down,A/C (HVAC) Issues,
1133.0,2023-08-19,2023-08-19 07:34:40,Down,Transmission Issues,
1134.0,2023-08-19,2023-08-19 07:34:40,Down,Mid-life Refurbishment,
1135.0,2023-08-19,2023-08-19 07:34:40,Down,Transmission Issues,
1136.0,2023-08-19,2023-08-19 07:34:40,Down,Awaiting Service,
1137.0,2023-08-19,2023-08-19 07:34:40,WP-AM,,
1138.0,2023-08-19,2023-08-19 07:34:40,Down,Check/Stop System/Engine Lights,
1139.0,2023-08-19,2023-08-19 07:34:40,Down,Awaiting Service,
1140.0,2023-08-19,2023-08-19 07:34:40,Down,Fan Sensor,
1141.0,2023-08-19,2023-08-19 07:34:40,Down,Overheating Engine,
1142.0,2023-08-19,2023-08-19 07:34:40,RS-DP,,
1143.0,2023-08-19,2023-08-19 07:34:40,GT-US,,
2001.0,2023-08-19,2023-08-19 07:34:40,RS-DP,,
2002.0,2023-08-19,2023-08-19 07:34:40,Down,Bae Issues/Doesn't Move/Cluster,
2003.0,2023-08-19,2023-08-19 07:34:40,Down,Bae Issues/Doesn't Move/Cluster,
2004.0,2023-08-19,2023-08-19 07:34:40,CH-US,,
2005.0,2023-08-19,2023-08-19 07:34:40,Spare,,
2006.0,2023-08-19,2023-08-19 07:34:40,GT-US,,
2007.0,2023-08-19,2023-08-19 07:34:40,RS-DP,,
2008.0,2023-08-19,2023-08-19 07:34:40,WP-AM,,
2009.0,2023-08-19,2023-08-19 07:34:40,Down,Bae Issues/Doesn't Move/Cluster,
2010.0,2023-08-19,2023-08-19 07:34:40,EM-LP,,
2011.0,2023-08-19,2023-08-19 07:34:40,CH-US,,
2012.0,2023-08-19,2023-08-19 07:34:40,NMS,,
2013.0,2023-08-19,2023-08-19 07:34:40,CH-US,,
2014.0,2023-08-19,2023-08-19 07:34:40,EM-LP,,
2015.0,2023-08-19,2023-08-19 07:34:40,Down,A or B Defects,
2016.0,2023-08-19,2023-08-19 07:34:40,GT-US,,
2017.0,2023-08-19,2023-08-19 07:34:40,CH-US,,
2018.0,2023-08-19,2023-08-19 07:34:40,EM-LP,,
2101.0,2023-08-19,2023-08-19 07:34:40,Spare,,
2102.0,2023-08-19,2023-08-19 07:34:40,Down,Alarm Inop,
2103.0,2023-08-19,2023-08-19 07:34:40,NMS,,
2104.0,2023-08-19,2023-08-19 07:34:40,EM-LP,,
2105.0,2023-08-19,2023-08-19 07:34:40,EM-LP,,
2106.0,2023-08-19,2023-08-19 07:34:40,GT-US,,
2107.0,2023-08-19,2023-08-19 07:34:40,Down,Check/Stop System/Engine Lights,
2108.0,2023-08-19,2023-08-19 07:34:40,Down,Check/Stop System/Engine Lights,
2109.0,2023-08-19,2023-08-19 07:34:40,EM-LP,,
2110.0,2023-08-19,2023-08-19 07:34:40,CH-US,,
2111.0,2023-08-19,2023-08-19 07:34:40,Down,A or B Defects,
2112.0,2023-08-19,2023-08-19 07:34:40,Down,A or B Defects,
2113.0,2023-08-19,2023-08-19 07:34:40,Spare,,
2114.0,2023-08-19,2023-08-19 07:34:40,EM-LP,,
2115.0,2023-08-19,2023-08-19 07:34:40,WP-AM,,
2116.0,2023-08-19,2023-08-19 07:34:40,GT-US,,
2117.0,2023-08-19,2023-08-19 07:34:40,WP-AM,,
2118.0,2023-08-19,2023-08-19 07:34:40,GT-US,,
2119.0,2023-08-19,2023-08-19 07:34:40,RS-DP,,
2120.0,2023-08-19,2023-08-19 07:34:40,CH-US,,
2121.0,2023-08-19,2023-08-19 07:34:40,GT-US,,
2122.0,2023-08-19,2023-08-19 07:34:40,Spare,,
2123.0,2023-08-19,2023-08-19 07:34:40,WP-AM,,
2124.0,2023-08-19,2023-08-19 07:34:40,NMS,,
2125.0,2023-08-19,2023-08-19 07:34:40,CH-US,,
2126.0,2023-08-19,2023-08-19 07:34:40,RS-DP,,
3001.0,2023-08-19,2023-08-19 07:34:40,Spare,,
3002.0,2023-08-19,2023-08-19 07:34:40,Spare,,
3003.0,2023-08-19,2023-08-19 07:34:40,Spare,,
3004.0,2023-08-19,2023-08-19 07:34:40,Spare,,
3005.0,2023-08-19,2023-08-19 07:34:40,Spare,,
3006.0,2023-08-19,2023-08-19 07:34:40,RS-DP,,
3007.0,2023-08-19,2023-08-19 07:34:40,Spare,,
3008.0,2023-08-19,2023-08-19 07:34:40,Spare,,
3009.0,2023-08-19,2023-08-19 07:34:40,Down,DC/DC#2,
3010.0,2023-08-19,2023-08-19 07:34:40,Down,Accident Damage,
3011.0,2023-08-19,2023-08-19 07:34:40,Down,Awaiting Service,
3012.0,2023-08-19,2023-08-19 07:34:40,Spare,,
3013.0,2023-08-19,2023-08-19 07:34:40,Down,Awaiting Service,
3014.0,2023-08-19,2023-08-19 07:34:40,Spare,,
3101.0,2023-08-19,2023-08-19 07:34:40,Spare,,
1130.0,2023-08-18,2023-08-18 04:13:42,Down,A/C (HVAC) Issues,
1131.0,2023-08-18,2023-08-18 04:13:42,Down,A/C (HVAC) Issues,
1132.0,2023-08-18,2023-08-18 04:13:42,Spare,,
1133.0,2023-08-18,2023-08-18 04:13:42,Down,A/C (HVAC) Issues,
1134.0,2023-08-18,2023-08-18 04:13:42,Down,Transmission Issues,
1135.0,2023-08-18,2023-08-18 04:13:42,Down,Mid-life Refurbishment,
1136.0,2023-08-18,2023-08-18 04:13:42,Down,Transmission Issues,
1137.0,2023-08-18,2023-08-18 04:13:42,GT-US,,
1138.0,2023-08-18,2023-08-18 04:13:42,WP-AM,,
1139.0,2023-08-18,2023-08-18 04:13:42,Spare,,
1140.0,2023-08-18,2023-08-18 04:13:42,Down,Follow Up,
1141.0,2023-08-18,2023-08-18 04:13:42,Down,Ready to Pick Up,
1142.0,2023-08-18,2023-08-18 04:13:42,Down,Accident Damage,
1143.0,2023-08-18,2023-08-18 04:13:42,RS-DP,,
2001.0,2023-08-18,2023-08-18 04:13:42,GT-US,,
2002.0,2023-08-18,2023-08-18 04:13:42,Down,Accident Damage,
2003.0,2023-08-18,2023-08-18 04:13:42,Down,Bae Issues/Doesn't Move/Cluster,
2004.0,2023-08-18,2023-08-18 04:13:42,Spare,,
2005.0,2023-08-18,2023-08-18 04:13:42,GT-US,,
2006.0,2023-08-18,2023-08-18 04:13:42,Spare,,
2007.0,2023-08-18,2023-08-18 04:13:42,NMS,,
2008.0,2023-08-18,2023-08-18 04:13:42,CH-US,,
2009.0,2023-08-18,2023-08-18 04:13:42,Down,Bae Issues/Doesn't Move/Cluster,
2010.0,2023-08-18,2023-08-18 04:13:42,EM-LP,,
2011.0,2023-08-18,2023-08-18 04:13:42,GT-US,,
2012.0,2023-08-18,2023-08-18 04:13:42,EM-LP,,
2013.0,2023-08-18,2023-08-18 04:13:42,Down,Check/Stop System/Engine Lights,
2014.0,2023-08-18,2023-08-18 04:13:42,Down,Shutting Down,
2015.0,2023-08-18,2023-08-18 04:13:42,Spare,,
2016.0,2023-08-18,2023-08-18 04:13:42,WP-AM,,
2017.0,2023-08-18,2023-08-18 04:13:42,WP-AM,,
2018.0,2023-08-18,2023-08-18 04:13:42,Down,Fire Suppression System/Discharge/No Start,
2101.0,2023-08-18,2023-08-18 04:13:42,Spare,,
2102.0,2023-08-18,2023-08-18 04:13:42,Down,Kneel Inoperable,
2103.0,2023-08-18,2023-08-18 04:13:42,CH-US,,
2104.0,2023-08-18,2023-08-18 04:13:42,WP-AM,,
2105.0,2023-08-18,2023-08-18 04:13:42,EM-LP,,
2106.0,2023-08-18,2023-08-18 04:13:42,RS-DP,,
2107.0,2023-08-18,2023-08-18 04:13:42,Down,Fire Suppression System/Discharge/No Start, Ignition Issues/No Start
2108.0,2023-08-18,2023-08-18 04:13:42,Down,Transmission Issues,
2109.0,2023-08-18,2023-08-18 04:13:42,EM-LP,,
2110.0,2023-08-18,2023-08-18 04:13:42,RS-DP,,
2111.0,2023-08-18,2023-08-18 04:13:42,GT-US,,
2112.0,2023-08-18,2023-08-18 04:13:42,CH-US,,
2113.0,2023-08-18,2023-08-18 04:13:42,NMS,,
2114.0,2023-08-18,2023-08-18 04:13:42,EM-LP,,
2115.0,2023-08-18,2023-08-18 04:13:42,RS-DP,,
2116.0,2023-08-18,2023-08-18 04:13:42,CH-US,,
2117.0,2023-08-18,2023-08-18 04:13:42,RS-DP,,
2118.0,2023-08-18,2023-08-18 04:13:42,WP-AM,,
2119.0,2023-08-18,2023-08-18 04:13:42,GT-US,,
2120.0,2023-08-18,2023-08-18 04:13:42,WP-AM,,
2121.0,2023-08-18,2023-08-18 04:13:42,Spare,,
2122.0,2023-08-18,2023-08-18 04:13:42,CH-US,,
2123.0,2023-08-18,2023-08-18 04:13:42,NMS,,
2124.0,2023-08-18,2023-08-18 04:13:42,NMS,,
2125.0,2023-08-18,2023-08-18 04:13:42,CH-US,,
2126.0,2023-08-18,2023-08-18 04:13:42,GT-US,,
3001.0,2023-08-18,2023-08-18 04:13:42,Spare,,
3002.0,2023-08-18,2023-08-18 04:13:42,Spare,,
3003.0,2023-08-18,2023-08-18 04:13:42,Spare,,
3004.0,2023-08-18,2023-08-18 04:13:42,Spare,,
3005.0,2023-08-18,2023-08-18 04:13:42,Spare,,
3006.0,2023-08-18,2023-08-18 04:13:42,RS-DP,,
3007.0,2023-08-18,2023-08-18 04:13:42,Spare,,
3008.0,2023-08-18,2023-08-18 04:13:42,Spare,,
3009.0,2023-08-18,2023-08-18 04:13:42,Down,DC/DC#2,
3010.0,2023-08-18,2023-08-18 04:13:42,Down,Accident Damage,
3011.0,2023-08-18,2023-08-18 04:13:42,Spare,,
3012.0,2023-08-18,2023-08-18 04:13:42,Spare,,
3013.0,2023-08-18,2023-08-18 04:13:42,Spare,,
3014.0,2023-08-18,2023-08-18 04:13:42,Spare,,
3101.0,2023-08-18,2023-08-18 04:13:42,Training,,
1130.0,2023-08-17,2023-08-17 03:05:22,Down,A/C (HVAC) Issues,
1131.0,2023-08-17,2023-08-17 03:05:22,Down,A/C (HVAC) Issues,
1132.0,2023-08-17,2023-08-17 03:05:22,RS-DP,,
1133.0,2023-08-17,2023-08-17 03:05:22,Down,A/C (HVAC) Issues,
1134.0,2023-08-17,2023-08-17 03:05:22,Down,Transmission Issues,
1135.0,2023-08-17,2023-08-17 03:05:22,Down,Mid-life Refurbishment,
1136.0,2023-08-17,2023-08-17 03:05:22,Down,Transmission Issues,
1137.0,2023-08-17,2023-08-17 03:05:22,RS-DP,,
1138.0,2023-08-17,2023-08-17 03:05:22,WP-AM,,
1139.0,2023-08-17,2023-08-17 03:05:22,Spare,,
1140.0,2023-08-17,2023-08-17 03:05:22,Down,Follow Up,
1141.0,2023-08-17,2023-08-17 03:05:22,Down,Ready to Pick Up,
1142.0,2023-08-17,2023-08-17 03:05:22,Down,Accident Damage,
1143.0,2023-08-17,2023-08-17 03:05:22,RS-DP,,
2001.0,2023-08-17,2023-08-17 03:05:22,EM-LP,,
2002.0,2023-08-17,2023-08-17 03:05:22,Down,Accident Damage,
2003.0,2023-08-17,2023-08-17 03:05:22,Down,Bae Issues/Doesn't Move/Cluster,
2004.0,2023-08-17,2023-08-17 03:05:22,EM-LP,,
2005.0,2023-08-17,2023-08-17 03:05:22,Spare,,
2006.0,2023-08-17,2023-08-17 03:05:22,Spare,,
2007.0,2023-08-17,2023-08-17 03:05:22,Spare,,
2008.0,2023-08-17,2023-08-17 03:05:22,RS-DP,,
2009.0,2023-08-17,2023-08-17 03:05:22,Down,Bae Issues/Doesn't Move/Cluster,
2010.0,2023-08-17,2023-08-17 03:05:22,CH-US,,
2011.0,2023-08-17,2023-08-17 03:05:22,CH-US,,
2012.0,2023-08-17,2023-08-17 03:05:22,Spare,,
2013.0,2023-08-17,2023-08-17 03:05:22,Down,Check/Stop System/Engine Lights,
2014.0,2023-08-17,2023-08-17 03:05:22,Down,Shutting Down,
2015.0,2023-08-17,2023-08-17 03:05:22,EM-LP,,
2016.0,2023-08-17,2023-08-17 03:05:22,GT-US,,
2017.0,2023-08-17,2023-08-17 03:05:22,CH-US,,
2018.0,2023-08-17,2023-08-17 03:05:22,Down,Fire Suppression System/Discharge/No Start,
2101.0,2023-08-17,2023-08-17 03:05:22,CH-US,,
2102.0,2023-08-17,2023-08-17 03:05:22,Down,Kneel Inoperable,
2103.0,2023-08-17,2023-08-17 03:05:22,WP-AM,,
2104.0,2023-08-17,2023-08-17 03:05:22,WP-AM,,
2105.0,2023-08-17,2023-08-17 03:05:22,NMS,,
2106.0,2023-08-17,2023-08-17 03:05:22,GT-US,,
2107.0,2023-08-17,2023-08-17 03:05:22,Down,Fire Suppression System/Discharge/No Start,
2108.0,2023-08-17,2023-08-17 03:05:22,Down,Transmission Issues,
2109.0,2023-08-17,2023-08-17 03:05:22,NMS,,
2110.0,2023-08-17,2023-08-17 03:05:22,GT-US,,
2111.0,2023-08-17,2023-08-17 03:05:22,GT-US,,
2112.0,2023-08-17,2023-08-17 03:05:22,WP-AM,,
2113.0,2023-08-17,2023-08-17 03:05:22,CH-US,,
2114.0,2023-08-17,2023-08-17 03:05:22,Down,Follow Up,
2115.0,2023-08-17,2023-08-17 03:05:22,WP-AM,,
2116.0,2023-08-17,2023-08-17 03:05:22,Spare,,
2117.0,2023-08-17,2023-08-17 03:05:22,Spare,,
2118.0,2023-08-17,2023-08-17 03:05:22,GT-US,,
2119.0,2023-08-17,2023-08-17 03:05:22,GT-US,,
2120.0,2023-08-17,2023-08-17 03:05:22,WP-AM,,
2121.0,2023-08-17,2023-08-17 03:05:22,CH-US,,
2122.0,2023-08-17,2023-08-17 03:05:22,RS-DP,,
2123.0,2023-08-17,2023-08-17 03:05:22,NMS,,
2124.0,2023-08-17,2023-08-17 03:05:22,Spare,,
2125.0,2023-08-17,2023-08-17 03:05:22,GT-US,,
2126.0,2023-08-17,2023-08-17 03:05:22,CH-US,,
3001.0,2023-08-17,2023-08-17 03:05:22,Spare,,
3002.0,2023-08-17,2023-08-17 03:05:22,RS-DP,,
3003.0,2023-08-17,2023-08-17 03:05:22,Spare,,
3004.0,2023-08-17,2023-08-17 03:05:22,Spare,,
3005.0,2023-08-17,2023-08-17 03:05:22,Spare,,
3006.0,2023-08-17,2023-08-17 03:05:22,Spare,,
3007.0,2023-08-17,2023-08-17 03:05:22,Spare,,
3008.0,2023-08-17,2023-08-17 03:05:22,Spare,,
3009.0,2023-08-17,2023-08-17 03:05:22,Down,DC/DC#2,
3010.0,2023-08-17,2023-08-17 03:05:22,Down,Accident Damage,
3011.0,2023-08-17,2023-08-17 03:05:22,GT-US,,
3012.0,2023-08-17,2023-08-17 03:05:22,Spare,,
3013.0,2023-08-17,2023-08-17 03:05:22,Spare,,
3014.0,2023-08-17,2023-08-17 03:05:22,Spare,,
3101.0,2023-08-17,2023-08-17 03:05:22,Training,,
1130.0,2023-08-16,2023-08-16 05:56:33,GT-US,,
1132.0,2023-08-16,2023-08-16 05:56:33,Down,Emission/Inspections,
1133.0,2023-08-16,2023-08-16 05:56:33,Down,A/C (HVAC) Issues,
1134.0,2023-08-16,2023-08-16 05:56:33,Down,Transmission Issues,
1135.0,2023-08-16,2023-08-16 05:56:33,Down,Mid-life Refurbishment,
1136.0,2023-08-16,2023-08-16 05:56:33,Down,Transmission Issues,
1137.0,2023-08-16,2023-08-16 05:56:33,GT-US,,
1138.0,2023-08-16,2023-08-16 05:56:33,WP-AM,,
1139.0,2023-08-16,2023-08-16 05:56:33,Down,Follow Up,
1140.0,2023-08-16,2023-08-16 05:56:33,Down,Follow Up,
1141.0,2023-08-16,2023-08-16 05:56:33,Down,Ready to Pick Up,
1142.0,2023-08-16,2023-08-16 05:56:33,Down,Accident Damage,
1143.0,2023-08-16,2023-08-16 05:56:33,RS-DP,,
2001.0,2023-08-16,2023-08-16 05:56:33,EM-LP,,
2002.0,2023-08-16,2023-08-16 05:56:33,Down,Accident Damage,
2003.0,2023-08-16,2023-08-16 05:56:33,Down,Bae Issues/Doesn't Move/Cluster,
2004.0,2023-08-16,2023-08-16 05:56:33,NMS,,
2005.0,2023-08-16,2023-08-16 05:56:33,NMS,,
2006.0,2023-08-16,2023-08-16 05:56:33,Spare,,
2007.0,2023-08-16,2023-08-16 05:56:33,EM-LP,,
2008.0,2023-08-16,2023-08-16 05:56:33,WP-AM,,
2009.0,2023-08-16,2023-08-16 05:56:33,Down,Bae Issues/Doesn't Move/Cluster,
2010.0,2023-08-16,2023-08-16 05:56:33,GT-US,,
2011.0,2023-08-16,2023-08-16 05:56:33,CH-US,,
2012.0,2023-08-16,2023-08-16 05:56:33,CH-US,,
2013.0,2023-08-16,2023-08-16 05:56:33,Down,Check/Stop System/Engine Lights,
2014.0,2023-08-16,2023-08-16 05:56:33,Down,Shutting Down,
2015.0,2023-08-16,2023-08-16 05:56:33,NMS,,
2016.0,2023-08-16,2023-08-16 05:56:33,RS-DP,,
2017.0,2023-08-16,2023-08-16 05:56:33,CH-US,,
2018.0,2023-08-16,2023-08-16 05:56:33,Down,Fire Suppression System/Discharge/No Start,
2101.0,2023-08-16,2023-08-16 05:56:33,GT-US,,
2102.0,2023-08-16,2023-08-16 05:56:33,Down,Kneel Inoperable,
2103.0,2023-08-16,2023-08-16 05:56:33,CH-US,,
2104.0,2023-08-16,2023-08-16 05:56:33,WP-AM,,
2105.0,2023-08-16,2023-08-16 05:56:33,EM-LP,,
2106.0,2023-08-16,2023-08-16 05:56:33,RS-DP,,
2107.0,2023-08-16,2023-08-16 05:56:33,Down,Fire Suppression System/Discharge/No Start,
2108.0,2023-08-16,2023-08-16 05:56:33,Down,Check/Stop System/Engine Lights,
2109.0,2023-08-16,2023-08-16 05:56:33,EM-LP,,
2110.0,2023-08-16,2023-08-16 05:56:33,Down,Suspension/Steering System,
2111.0,2023-08-16,2023-08-16 05:56:33,NMS,,
2112.0,2023-08-16,2023-08-16 05:56:33,GT-US,,
2113.0,2023-08-16,2023-08-16 05:56:33,RS-DP,,
2114.0,2023-08-16,2023-08-16 05:56:33,Down,Follow Up,
2115.0,2023-08-16,2023-08-16 05:56:33,Spare,,
2116.0,2023-08-16,2023-08-16 05:56:33,GT-US,,
2117.0,2023-08-16,2023-08-16 05:56:33,CH-US,,
2118.0,2023-08-16,2023-08-16 05:56:33,GT-US,,
2119.0,2023-08-16,2023-08-16 05:56:33,CH-US,,
2120.0,2023-08-16,2023-08-16 05:56:33,GT-US,,
2121.0,2023-08-16,2023-08-16 05:56:33,RS-DP,,
2122.0,2023-08-16,2023-08-16 05:56:33,WP-AM,,
2123.0,2023-08-16,2023-08-16 05:56:33,EM-LP,,
2124.0,2023-08-16,2023-08-16 05:56:33,CH-US,,
2125.0,2023-08-16,2023-08-16 05:56:33,Spare,,
2126.0,2023-08-16,2023-08-16 05:56:33,WP-AM,,
3001.0,2023-08-16,2023-08-16 05:56:33,Spare,,
3002.0,2023-08-16,2023-08-16 05:56:33,EM-LP,,
3003.0,2023-08-16,2023-08-16 05:56:33,WP-AM,,
3004.0,2023-08-16,2023-08-16 05:56:33,Spare,,
3005.0,2023-08-16,2023-08-16 05:56:33,RS-DP,,
3006.0,2023-08-16,2023-08-16 05:56:33,Spare,,
3007.0,2023-08-16,2023-08-16 05:56:33,Down,Not Specified,
3008.0,2023-08-16,2023-08-16 05:56:33,Spare,,
3009.0,2023-08-16,2023-08-16 05:56:33,Down,Not Specified,
3010.0,2023-08-16,2023-08-16 05:56:33,Down,Not Specified,
3011.0,2023-08-16,2023-08-16 05:56:33,Down,Not Specified,
3012.0,2023-08-16,2023-08-16 05:56:33,Spare,,
3013.0,2023-08-16,2023-08-16 05:56:33,Spare,,
3014.0,2023-08-16,2023-08-16 05:56:33,CH-US,,
3101.0,2023-08-16,2023-08-16 05:56:33,Spare,,
1131.0,2023-08-16,2023-08-16 05:36:39,Down,A/C (HVAC) Issues,
1130.0,2023-08-11,2023-08-15 08:04:36,Down,Ready to Pick Up,
1131.0,2023-08-11,2023-08-15 08:04:36,Down,A/C (HVAC) Issues,
1134.0,2023-08-11,2023-08-15 08:04:36,Down,Transmission Issues,
1135.0,2023-08-11,2023-08-15 08:04:36,Down,Mid-life Refurbishment,
1136.0,2023-08-11,2023-08-15 08:04:36,Down,Transmission Issues,
1140.0,2023-08-11,2023-08-15 08:04:36,Down,Follow Up,
1141.0,2023-08-11,2023-08-15 08:04:36,Down,Overheating Engine,
1142.0,2023-08-11,2023-08-15 08:04:36,Down,Accident Damage,
1143.0,2023-08-11,2023-08-15 08:04:36,Down,Fuel System/Leaks/Pressure,
2009.0,2023-08-11,2023-08-15 08:04:36,Down,Bae Issues/Doesn't Move/Cluster,
2014.0,2023-08-11,2023-08-15 08:04:36,Down,Shutting Down,
2018.0,2023-08-11,2023-08-15 08:04:36,Down,Fire Suppression System/Discharge/No Start,
2107.0,2023-08-11,2023-08-15 08:04:36,Down,Fire Suppression System/Discharge/No Start,
2108.0,2023-08-11,2023-08-15 08:04:36,Down,Transmission Issues,
2115.0,2023-08-11,2023-08-15 08:04:36,Down,Accident Damage,
3009.0,2023-08-11,2023-08-15 08:04:36,Down,HV Light On,
3010.0,2023-08-11,2023-08-15 08:04:36,Down,Accident Damage,
1131.0,2023-08-10,2023-08-15 08:04:36,Down,A/C (HVAC) Issues,
1132.0,2023-08-10,2023-08-15 08:04:36,Down,Shutting Down,
1134.0,2023-08-10,2023-08-15 08:04:36,Down,Transmission Issues,
1135.0,2023-08-10,2023-08-15 08:04:36,Down,Mid-life Refurbishment,
1136.0,2023-08-10,2023-08-15 08:04:36,Down,Transmission Issues,
1140.0,2023-08-10,2023-08-15 08:04:36,Down,Follow Up,
1141.0,2023-08-10,2023-08-15 08:04:36,Down,Overheating Engine,
1142.0,2023-08-10,2023-08-15 08:04:36,Down,Accident Damage,
1143.0,2023-08-10,2023-08-15 08:04:36,Down,Fuel System/Leaks/Pressure,
2009.0,2023-08-10,2023-08-15 08:04:36,Down,,
2018.0,2023-08-10,2023-08-15 08:04:36,Down,Fire Suppression System/Discharge/No Start,
2107.0,2023-08-10,2023-08-15 08:04:36,Down,Awaiting Diag.,
2108.0,2023-08-10,2023-08-15 08:04:36,Down,Transmission Issues,
2115.0,2023-08-10,2023-08-15 08:04:36,Down,Bodyshop/Vendor,
2126.0,2023-08-10,2023-08-15 08:04:36,Down,Progress,
3009.0,2023-08-10,2023-08-15 08:04:36,Down,Awaiting Proterra,
3010.0,2023-08-10,2023-08-15 08:04:36,Down,Accident Damage,
1130.0,2023-08-09,2023-08-15 08:04:36,Down,Ready to Pick Up,
1131.0,2023-08-09,2023-08-15 08:04:36,Down,A/C (HVAC) Issues,
1132.0,2023-08-09,2023-08-15 08:04:36,Down,Shutting Down,
1134.0,2023-08-09,2023-08-15 08:04:36,Down,Transmission Issues,
1135.0,2023-08-09,2023-08-15 08:04:36,Down,Mid-life Refurbishment,
1136.0,2023-08-09,2023-08-15 08:04:36,Down,Transmission Issues,
1137.0,2023-08-09,2023-08-15 08:04:36,Down,Need Injectors,
1140.0,2023-08-09,2023-08-15 08:04:36,Down,Follow Up,
1141.0,2023-08-09,2023-08-15 08:04:36,Down,Overheating Engine,
1142.0,2023-08-09,2023-08-15 08:04:36,Down,Accident Damage,
1143.0,2023-08-09,2023-08-15 08:04:36,Down,Fuel System/Leaks/Pressure,
2003.0,2023-08-09,2023-08-15 08:04:36,Down,Check/Stop System/Engine Lights,
2009.0,2023-08-09,2023-08-15 08:04:36,Down,Bae Issues/Doesn't Move/Cluster,
2014.0,2023-08-09,2023-08-15 08:04:36,Down,Shutting Down,
2107.0,2023-08-09,2023-08-15 08:04:36,Down,Fire Suppression System/Discharge/No Start,
2108.0,2023-08-09,2023-08-15 08:04:36,Down,Transmission Issues,
2115.0,2023-08-09,2023-08-15 08:04:36,Down,Accident Damage,
2126.0,2023-08-09,2023-08-15 08:04:36,Down,Follow Up,
3009.0,2023-08-09,2023-08-15 08:04:36,Down,HV Light On,
3010.0,2023-08-09,2023-08-15 08:04:36,Down,Accident Damage,
1130.0,2023-08-03,2023-08-15 08:04:36,Down,Power Issues,
1131.0,2023-08-03,2023-08-15 08:04:36,Down,A/C (HVAC) Issues,
1132.0,2023-08-03,2023-08-15 08:04:36,Down,Ignition Issues,
1135.0,2023-08-03,2023-08-15 08:04:36,Down,Sluggish Acceleration,
1136.0,2023-08-03,2023-08-15 08:04:36,Down,Transmission Issues,
1137.0,2023-08-03,2023-08-15 08:04:36,Down,Mechanical,
1141.0,2023-08-03,2023-08-15 08:04:36,Down,Overheating Engine,
1142.0,2023-08-03,2023-08-15 08:04:36,Down,Accident Damage,
1143.0,2023-08-03,2023-08-15 08:04:36,Down,Fuel System/Leaks/Pressure,
2003.0,2023-08-03,2023-08-15 08:04:36,Down,Check/Stop Engine Lights,
2010.0,2023-08-03,2023-08-15 08:04:36,Down,A or B Defects,
2103.0,2023-08-03,2023-08-15 08:04:36,Down,Follow Up,
2107.0,2023-08-03,2023-08-15 08:04:36,Down,Ignition Issues,
2108.0,2023-08-03,2023-08-15 08:04:36,Down,Transmission Issues,
2117.0,2023-08-03,2023-08-15 08:04:36,Down,Follow Up,
3006.0,2023-08-03,2023-08-15 08:04:36,Down,Mechanical,
3009.0,2023-08-03,2023-08-15 08:04:36,Down,Electrical Issues,
3010.0,2023-08-03,2023-08-15 08:04:36,Down,Accident Damage,
3012.0,2023-08-03,2023-08-15 08:04:36,Down,Mechanical,
1130.0,2023-08-02,2023-08-15 08:04:36,Down,Power Issues,
1131.0,2023-08-02,2023-08-15 08:04:36,Down,A/C (HVAC) Issues,
1132.0,2023-08-02,2023-08-15 08:04:36,Down,Shutting Down,
1135.0,2023-08-02,2023-08-15 08:04:36,Down,Mechanical,
1136.0,2023-08-02,2023-08-15 08:04:36,Down,Transmission Issues,
1137.0,2023-08-02,2023-08-15 08:04:36,Down,Sluggish Acceleration,
1141.0,2023-08-02,2023-08-15 08:04:36,Down,Overheating Engine,
1142.0,2023-08-02,2023-08-15 08:04:36,Down,Accident Damage,
1143.0,2023-08-02,2023-08-15 08:04:36,Down,Fuel System/Leaks/Pressure,
2003.0,2023-08-02,2023-08-15 08:04:36,Down,Check/Stop Engine Lights,
2010.0,2023-08-02,2023-08-15 08:04:36,Down,A or B Defects,
2103.0,2023-08-02,2023-08-15 08:04:36,Down,Follow Up,
2107.0,2023-08-02,2023-08-15 08:04:36,Down,Ignition Issues,
2108.0,2023-08-02,2023-08-15 08:04:36,Down,Check/Stop Engine Lights,
2117.0,2023-08-02,2023-08-15 08:04:36,Down,Follow Up,
2123.0,2023-08-02,2023-08-15 08:04:36,Down,Follow Up,
3005.0,2023-08-02,2023-08-15 08:04:36,Down,Mechanical,
3006.0,2023-08-02,2023-08-15 08:04:36,Down,Mechanical,
3009.0,2023-08-02,2023-08-15 08:04:36,Down,HV Light On,
3010.0,2023-08-02,2023-08-15 08:04:36,Down,Accident Damage,
3012.0,2023-08-02,2023-08-15 08:04:36,Down,Mechanical,
1130.0,2023-08-01,2023-08-15 08:04:36,Down,Power Issues,
1131.0,2023-08-01,2023-08-15 08:04:36,Down,A/C (HVAC) Issues,
1132.0,2023-08-01,2023-08-15 08:04:36,Down,Shutting Down,
1135.0,2023-08-01,2023-08-15 08:04:36,Down,Mechanical,
1136.0,2023-08-01,2023-08-15 08:04:36,Down,Transmission Issues,
1137.0,2023-08-01,2023-08-15 08:04:36,Down,Sluggish Acceleration,
1141.0,2023-08-01,2023-08-15 08:04:36,Down,Overheating Engine,
1142.0,2023-08-01,2023-08-15 08:04:36,Down,Accident Damage,
1143.0,2023-08-01,2023-08-15 08:04:36,Down,Fuel System/Leaks/Pressure,
2003.0,2023-08-01,2023-08-15 08:04:36,Down,Check/Stop Engine Lights,
2010.0,2023-08-01,2023-08-15 08:04:36,Down,A or B Defects,
2102.0,2023-08-01,2023-08-15 08:04:36,Down,Mechanical,
2107.0,2023-08-01,2023-08-15 08:04:36,Down,Ignition Issues,
2108.0,2023-08-01,2023-08-15 08:04:36,Down,Check/Stop Engine Lights,
2117.0,2023-08-01,2023-08-15 08:04:36,Down,Follow Up,
2123.0,2023-08-01,2023-08-15 08:04:36,Down,Follow Up,
3005.0,2023-08-01,2023-08-15 08:04:36,Down,Mechanical,
3006.0,2023-08-01,2023-08-15 08:04:36,Down,Mechanical,
3009.0,2023-08-01,2023-08-15 08:04:36,Down,HV Light On,
3010.0,2023-08-01,2023-08-15 08:04:36,Down,Accident Damage,
3012.0,2023-08-01,2023-08-15 08:04:36,Down,Mechanical,
1130.0,2023-07-31,2023-08-15 08:04:36,Down,Power Issues,
1131.0,2023-07-31,2023-08-15 08:04:36,Down,A/C (HVAC) Issues,
1132.0,2023-07-31,2023-08-15 08:04:36,Down,Shutting Down,
1135.0,2023-07-31,2023-08-15 08:04:36,Down,Mechanical,
1136.0,2023-07-31,2023-08-15 08:04:36,Down,Transmission Issues,
1137.0,2023-07-31,2023-08-15 08:04:36,Down,Sluggish Acceleration,
1141.0,2023-07-31,2023-08-15 08:04:36,Down,Overheating Engine,
1142.0,2023-07-31,2023-08-15 08:04:36,Down,Accident Damage,
1143.0,2023-07-31,2023-08-15 08:04:36,Down,Fuel System/Leaks/Pressure,
2002.0,2023-07-31,2023-08-15 08:04:36,Down,Follow Up,
2003.0,2023-07-31,2023-08-15 08:04:36,Down,Check/Stop Engine Lights,
2010.0,2023-07-31,2023-08-15 08:04:36,Down,A or B Defects,
2102.0,2023-07-31,2023-08-15 08:04:36,Down,Mechanical,
2107.0,2023-07-31,2023-08-15 08:04:36,Down,Ignition Issues,
2108.0,2023-07-31,2023-08-15 08:04:36,Down,Check/Stop Engine Lights,
2111.0,2023-07-31,2023-08-15 08:04:36,Down,Ignition Issues,
2117.0,2023-07-31,2023-08-15 08:04:36,Down,Follow Up,
3006.0,2023-07-31,2023-08-15 08:04:36,Down,Mechanical,
3009.0,2023-07-31,2023-08-15 08:04:36,Down,HV Light On,
3010.0,2023-07-31,2023-08-15 08:04:36,Down,Accident Damage,
1130.0,2023-07-30,2023-08-15 08:04:36,Down,Power Issues,
1131.0,2023-07-30,2023-08-15 08:04:36,Down,A/C (HVAC) Issues,
1132.0,2023-07-30,2023-08-15 08:04:36,Down,Shutting Down,
1135.0,2023-07-30,2023-08-15 08:04:36,Down,Mechanical,
1136.0,2023-07-30,2023-08-15 08:04:36,Down,Transmission Issues,
1137.0,2023-07-30,2023-08-15 08:04:36,Down,Sluggish Acceleration,
1141.0,2023-07-30,2023-08-15 08:04:36,Down,Overheating Engine,
1142.0,2023-07-30,2023-08-15 08:04:36,Down,Accident Damage,
1143.0,2023-07-30,2023-08-15 08:04:36,Down,Fuel System/Leaks/Pressure,
2002.0,2023-07-30,2023-08-15 08:04:36,Down,Pm Due,
2003.0,2023-07-30,2023-08-15 08:04:36,Down,Check/Stop Engine Lights,
2010.0,2023-07-30,2023-08-15 08:04:36,Down,A or B Defects,
2102.0,2023-07-30,2023-08-15 08:04:36,Down,Mechanical,
2107.0,2023-07-30,2023-08-15 08:04:36,Down,Ignition Issues,
2108.0,2023-07-30,2023-08-15 08:04:36,Down,Check/Stop Engine Lights,
2117.0,2023-07-30,2023-08-15 08:04:36,Down,Follow Up,
2124.0,2023-07-30,2023-08-15 08:04:36,Down,Follow Up,
3006.0,2023-07-30,2023-08-15 08:04:36,Down,Mechanical,
3009.0,2023-07-30,2023-08-15 08:04:36,Down,HV Light On,
3010.0,2023-07-30,2023-08-15 08:04:36,Down,Accident Damage,
1130.0,2023-07-29,2023-08-15 08:04:36,Down,Power Issues,
1131.0,2023-07-29,2023-08-15 08:04:36,Down,A/C (HVAC) Issues,
1132.0,2023-07-29,2023-08-15 08:04:36,Down,Shutting Down,
1135.0,2023-07-29,2023-08-15 08:04:36,Down,Mid-life Refurbishment,
1137.0,2023-07-29,2023-08-15 08:04:36,Down,Transmission Issues,
1141.0,2023-07-29,2023-08-15 08:04:36,Down,Sluggish Acceleration,
1142.0,2023-07-29,2023-08-15 08:04:36,Down,Overheating Engine,
1143.0,2023-07-29,2023-08-15 08:04:36,Down,Accident Damage,
2003.0,2023-07-29,2023-08-15 08:04:36,Down,Fuel System/Leaks/Pressure,
2010.0,2023-07-29,2023-08-15 08:04:36,Down,Check/Stop Engine Lights,
2017.0,2023-07-29,2023-08-15 08:04:36,Down,A or B Defects,
2102.0,2023-07-29,2023-08-15 08:04:36,Down,Towed/Bae Issue,
2107.0,2023-07-29,2023-08-15 08:04:36,Down,Mechanical,
2108.0,2023-07-29,2023-08-15 08:04:36,Down,Ignition Issues,
2116.0,2023-07-29,2023-08-15 08:04:36,Down,Check/Stop Engine Lights,
2117.0,2023-07-29,2023-08-15 08:04:36,Down,Follow Up,
2124.0,2023-07-29,2023-08-15 08:04:36,Down,Follow Up,
3006.0,2023-07-29,2023-08-15 08:04:36,Down,Mechanical,
3009.0,2023-07-29,2023-08-15 08:04:36,Down,HV Light On,
3010.0,2023-07-29,2023-08-15 08:04:36,Down,Accident Damage,
1130.0,2023-07-28,2023-08-15 08:04:36,Down,Ready to Pick Up,
1131.0,2023-07-28,2023-08-15 08:04:36,Down,A/C (HVAC) Issues,
1135.0,2023-07-28,2023-08-15 08:04:36,Down,Mid-life Refurbishment,
1136.0,2023-07-28,2023-08-15 08:04:36,Down,Transmission Issues,
1137.0,2023-07-28,2023-08-15 08:04:36,Down,Fuel System/Leaks/Pressure,
1141.0,2023-07-28,2023-08-15 08:04:36,Down,Overheating Engine,
1142.0,2023-07-28,2023-08-15 08:04:36,Down,Accident Damage,
1143.0,2023-07-28,2023-08-15 08:04:36,Down,Fuel System/Leaks/Pressure,
2003.0,2023-07-28,2023-08-15 08:04:36,Down,Check/Stop Engine Lights,
2010.0,2023-07-28,2023-08-15 08:04:36,Down,A or B Defects,
2015.0,2023-07-28,2023-08-15 08:04:36,Down,Follow Up,
2102.0,2023-07-28,2023-08-15 08:04:36,Down,Mechanical,
2117.0,2023-07-28,2023-08-15 08:04:36,Down,Follow Up,
3009.0,2023-07-28,2023-08-15 08:04:36,Down,HV Light On,
3010.0,2023-07-28,2023-08-15 08:04:36,Down,Accident Damage,
1131.0,2023-08-13,2023-08-15 08:04:36,Down,A/C (HVAC) Issues,
1133.0,2023-08-13,2023-08-15 08:04:36,Down,A/C (HVAC) Issues,
1134.0,2023-08-13,2023-08-15 08:04:36,Down,Transmission Issues,
1135.0,2023-08-13,2023-08-15 08:04:36,Down,Mid-life Refurbishment,
1136.0,2023-08-13,2023-08-15 08:04:36,Down,Transmission Issues,
1139.0,2023-08-13,2023-08-15 08:04:36,Down,Awaiting Service,
1140.0,2023-08-13,2023-08-15 08:04:36,Down,Follow Up,
1141.0,2023-08-13,2023-08-15 08:04:36,Down,Ready to Pick Up,
1142.0,2023-08-13,2023-08-15 08:04:36,Down,Accident Damage,
2002.0,2023-08-13,2023-08-15 08:04:36,Down,Accident Damage,
2003.0,2023-08-13,2023-08-15 08:04:36,Down,Bae Issues/Doesn't Move/Cluster,
2009.0,2023-08-13,2023-08-15 08:04:36,Down,Bae Issues/Doesn't Move/Cluster,
2014.0,2023-08-13,2023-08-15 08:04:36,Down,Shutting Down,
2016.0,2023-08-13,2023-08-15 08:04:36,Down,Follow Up,
2018.0,2023-08-13,2023-08-15 08:04:36,Down,Fire Suppression System/Discharge/No Start,
2102.0,2023-08-13,2023-08-15 08:04:36,Down,Kneel Inoperable,
2103.0,2023-08-13,2023-08-15 08:04:36,Down,Brakes/Brake System,
2107.0,2023-08-13,2023-08-15 08:04:36,Down,Fire Suppression System/Discharge/No Start,
2108.0,2023-08-13,2023-08-15 08:04:36,Down,Transmission Issues,
2121.0,2023-08-13,2023-08-15 08:04:36,Down,Follow Up,
3002.0,2023-08-13,2023-08-15 08:04:36,Down,Red Caution Light,
3003.0,2023-08-13,2023-08-15 08:04:36,Down,Mechanical, Other
3009.0,2023-08-13,2023-08-15 08:04:36,Down,DC/DC#2,
3010.0,2023-08-13,2023-08-15 08:04:36,Down,Accident Damage,
1130.0,2023-08-13,2023-08-14 06:30:26,RS-DP,,
1132.0,2023-08-13,2023-08-14 06:30:26,GT-US,,
1137.0,2023-08-13,2023-08-14 06:30:26,RS-DP,,
1138.0,2023-08-13,2023-08-14 06:30:26,WP-AM,,
1143.0,2023-08-13,2023-08-14 06:30:26,WP-AM,,
2001.0,2023-08-13,2023-08-14 06:30:26,RS-DP,,
2004.0,2023-08-13,2023-08-14 06:30:26,CH-US,,
2005.0,2023-08-13,2023-08-14 06:30:26,Spare,,
2006.0,2023-08-13,2023-08-14 06:30:26,EM-LP,,
2007.0,2023-08-13,2023-08-14 06:30:26,CH-US,,
2008.0,2023-08-13,2023-08-14 06:30:26,Spare,,
2010.0,2023-08-13,2023-08-14 06:30:26,GT-US,,
2011.0,2023-08-13,2023-08-14 06:30:26,CH-US,,
2012.0,2023-08-13,2023-08-14 06:30:26,GT-US,,
2013.0,2023-08-13,2023-08-14 06:30:26,CH-US,,
2015.0,2023-08-13,2023-08-14 06:30:26,EM-LP,,
2017.0,2023-08-13,2023-08-14 06:30:26,WP-AM,,
2101.0,2023-08-13,2023-08-14 06:30:26,EM-LP,,
2104.0,2023-08-13,2023-08-14 06:30:26,GT-US,,
2105.0,2023-08-13,2023-08-14 06:30:26,CH-US,,
2106.0,2023-08-13,2023-08-14 06:30:26,CH-US,,
2109.0,2023-08-13,2023-08-14 06:30:26,EM-LP,,
2110.0,2023-08-13,2023-08-14 06:30:26,GT-US,,
2111.0,2023-08-13,2023-08-14 06:30:26,CH-US,,
2112.0,2023-08-13,2023-08-14 06:30:26,Spare,,
2113.0,2023-08-13,2023-08-14 06:30:26,WP-AM,,
2114.0,2023-08-13,2023-08-14 06:30:26,NMS,,
2115.0,2023-08-13,2023-08-14 06:30:26,WP-AM,,
2116.0,2023-08-13,2023-08-14 06:30:26,RS-DP,,
2117.0,2023-08-13,2023-08-14 06:30:26,WP-AM,,
2118.0,2023-08-13,2023-08-14 06:30:26,RS-DP,,
2119.0,2023-08-13,2023-08-14 06:30:26,CH-US,,
2120.0,2023-08-13,2023-08-14 06:30:26,NMS,,
2122.0,2023-08-13,2023-08-14 06:30:26,GT-US,,
2123.0,2023-08-13,2023-08-14 06:30:26,NMS,,
2124.0,2023-08-13,2023-08-14 06:30:26,EM-LP,,
2125.0,2023-08-13,2023-08-14 06:30:26,CH-US,,
2126.0,2023-08-13,2023-08-14 06:30:26,GT-US,,
3001.0,2023-08-13,2023-08-14 06:30:26,RS-DP,,
3004.0,2023-08-13,2023-08-14 06:30:26,Spare,,
3005.0,2023-08-13,2023-08-14 06:30:26,CH-US,,
3006.0,2023-08-13,2023-08-14 06:30:26,WP-AM,,
3007.0,2023-08-13,2023-08-14 06:30:26,Spare,,
3008.0,2023-08-13,2023-08-14 06:30:26,Spare,,
3011.0,2023-08-13,2023-08-14 06:30:26,Spare,,
3012.0,2023-08-13,2023-08-14 06:30:26,Spare,,
3013.0,2023-08-13,2023-08-14 06:30:26,NMS,,
3014.0,2023-08-13,2023-08-14 06:30:26,EM-LP,,
3101.0,2023-08-13,2023-08-14 06:30:26,Spare,,
1131.0,2023-08-12,2023-08-12 07:05:01,Down,Not Specified,
1134.0,2023-08-12,2023-08-12 07:05:01,Down,Not Specified,
1135.0,2023-08-12,2023-08-12 07:05:01,Down,Not Specified,
1136.0,2023-08-12,2023-08-12 07:05:01,Down,Not Specified,
1140.0,2023-08-12,2023-08-12 07:05:01,Down,Not Specified,
1141.0,2023-08-12,2023-08-12 07:05:01,Down,Not Specified,
1142.0,2023-08-12,2023-08-12 07:05:01,Down,Not Specified,
1143.0,2023-08-12,2023-08-12 07:05:01,RS-DP,,
1130.0,2023-08-12,2023-08-12 06:54:43,Down,Not Specified,
1132.0,2023-08-12,2023-08-12 06:54:43,RS-DP,,
1133.0,2023-08-12,2023-08-12 06:54:43,Spare,,
1137.0,2023-08-12,2023-08-12 06:54:43,RS-DP,,
1138.0,2023-08-12,2023-08-12 06:54:43,GT-US,,
1139.0,2023-08-12,2023-08-12 06:54:43,Spare,,
2001.0,2023-08-12,2023-08-12 06:54:43,CH-US,,
2002.0,2023-08-12,2023-08-12 06:54:43,WP-AM,,
2003.0,2023-08-12,2023-08-12 06:54:43,GT-US,,
2004.0,2023-08-12,2023-08-12 06:54:43,GT-US,,
2005.0,2023-08-12,2023-08-12 06:54:43,EM-LP,,
2006.0,2023-08-12,2023-08-12 06:54:43,EM-LP,,
2007.0,2023-08-12,2023-08-12 06:54:43,CH-US,,
2008.0,2023-08-12,2023-08-12 06:54:43,Spare,,
2010.0,2023-08-12,2023-08-12 06:54:43,CH-US,,
2011.0,2023-08-12,2023-08-12 06:54:43,GT-US,,
2012.0,2023-08-12,2023-08-12 06:54:43,WP-AM,,
2013.0,2023-08-12,2023-08-12 06:54:43,WP-AM,,
2015.0,2023-08-12,2023-08-12 06:54:43,NMS,,
2016.0,2023-08-12,2023-08-12 06:54:43,NMS,,
2017.0,2023-08-12,2023-08-12 06:54:43,CH-US,,
2101.0,2023-08-12,2023-08-12 06:54:43,Spare,,
2102.0,2023-08-12,2023-08-12 06:54:43,Spare,,
2103.0,2023-08-12,2023-08-12 06:54:43,CH-US,,
2104.0,2023-08-12,2023-08-12 06:54:43,RS-DP,,
2105.0,2023-08-12,2023-08-12 06:54:43,WP-AM,,
2106.0,2023-08-12,2023-08-12 06:54:43,GT-US,,
2109.0,2023-08-12,2023-08-12 06:54:43,EM-LP,,
2110.0,2023-08-12,2023-08-12 06:54:43,CH-US,,
2111.0,2023-08-12,2023-08-12 06:54:43,CH-US,,
2112.0,2023-08-12,2023-08-12 06:54:43,EM-LP,,
2113.0,2023-08-12,2023-08-12 06:54:43,WP-AM,,
2114.0,2023-08-12,2023-08-12 06:54:43,EM-LP,,
2116.0,2023-08-12,2023-08-12 06:54:43,GT-US,,
2117.0,2023-08-12,2023-08-12 06:54:43,Spare,,
2118.0,2023-08-12,2023-08-12 06:54:43,RS-DP,,
2119.0,2023-08-12,2023-08-12 06:54:43,GT-US,,
2120.0,2023-08-12,2023-08-12 06:54:43,GT-US,,
2121.0,2023-08-12,2023-08-12 06:54:43,Spare,,
2122.0,2023-08-12,2023-08-12 06:54:43,GT-US,,
2123.0,2023-08-12,2023-08-12 06:54:43,NMS,,
2124.0,2023-08-12,2023-08-12 06:54:43,NMS,,
2125.0,2023-08-12,2023-08-12 06:54:43,WP-AM,,
2126.0,2023-08-12,2023-08-12 06:54:43,CH-US,,
3001.0,2023-08-12,2023-08-12 06:54:43,EM-LP,,
3002.0,2023-08-12,2023-08-12 06:54:43,GT-US,,
3003.0,2023-08-12,2023-08-12 06:54:43,Spare,,
3004.0,2023-08-12,2023-08-12 06:54:43,WP-AM,,
3005.0,2023-08-12,2023-08-12 06:54:43,CH-US,,
3006.0,2023-08-12,2023-08-12 06:54:43,Spare,,
3007.0,2023-08-12,2023-08-12 06:54:43,Spare,,
3008.0,2023-08-12,2023-08-12 06:54:43,Spare,,
3011.0,2023-08-12,2023-08-12 06:54:43,RS-DP,,
3012.0,2023-08-12,2023-08-12 06:54:43,Spare,,
3013.0,2023-08-12,2023-08-12 06:54:43,Spare,,
3014.0,2023-08-12,2023-08-12 06:54:43,Spare,,
3101.0,2023-08-12,2023-08-12 06:54:43,Spare,,
1132.0,2023-08-11,2023-08-11 03:06:17,RS-DP,,
1133.0,2023-08-11,2023-08-11 03:06:17,Spare,,
1137.0,2023-08-11,2023-08-11 03:06:17,RS-DP,,
1138.0,2023-08-11,2023-08-11 03:06:17,GT-US,,
1139.0,2023-08-11,2023-08-11 03:06:17,Spare,,
2001.0,2023-08-11,2023-08-11 03:06:17,CH-US,,
2002.0,2023-08-11,2023-08-11 03:06:17,WP-AM,,
2003.0,2023-08-11,2023-08-11 03:06:17,GT-US,,
2004.0,2023-08-11,2023-08-11 03:06:17,GT-US,,
2005.0,2023-08-11,2023-08-11 03:06:17,EM-LP,,
2006.0,2023-08-11,2023-08-11 03:06:17,EM-LP,,
2007.0,2023-08-11,2023-08-11 03:06:17,CH-US,,
2008.0,2023-08-11,2023-08-11 03:06:17,Spare,,
2010.0,2023-08-11,2023-08-11 03:06:17,CH-US,,
2011.0,2023-08-11,2023-08-11 03:06:17,GT-US,,
2012.0,2023-08-11,2023-08-11 03:06:17,WP-AM,,
2013.0,2023-08-11,2023-08-11 03:06:17,WP-AM,,
2015.0,2023-08-11,2023-08-11 03:06:17,NMS,,
2016.0,2023-08-11,2023-08-11 03:06:17,NMS,,
2017.0,2023-08-11,2023-08-11 03:06:17,CH-US,,
2101.0,2023-08-11,2023-08-11 03:06:17,Spare,,
2102.0,2023-08-11,2023-08-11 03:06:17,Spare,,
2103.0,2023-08-11,2023-08-11 03:06:17,CH-US,,
2104.0,2023-08-11,2023-08-11 03:06:17,RS-DP,,
2105.0,2023-08-11,2023-08-11 03:06:17,WP-AM,,
2106.0,2023-08-11,2023-08-11 03:06:17,GT-US,,
2109.0,2023-08-11,2023-08-11 03:06:17,EM-LP,,
2110.0,2023-08-11,2023-08-11 03:06:17,CH-US,,
2111.0,2023-08-11,2023-08-11 03:06:17,CH-US,,
2112.0,2023-08-11,2023-08-11 03:06:17,EM-LP,,
2113.0,2023-08-11,2023-08-11 03:06:17,WP-AM,,
2114.0,2023-08-11,2023-08-11 03:06:17,EM-LP,,
2116.0,2023-08-11,2023-08-11 03:06:17,GT-US,,
2117.0,2023-08-11,2023-08-11 03:06:17,Spare,,
2118.0,2023-08-11,2023-08-11 03:06:17,RS-DP,,
2119.0,2023-08-11,2023-08-11 03:06:17,GT-US,,
2120.0,2023-08-11,2023-08-11 03:06:17,GT-US,,
2121.0,2023-08-11,2023-08-11 03:06:17,Spare,,
2122.0,2023-08-11,2023-08-11 03:06:17,GT-US,,
2123.0,2023-08-11,2023-08-11 03:06:17,NMS,,
2124.0,2023-08-11,2023-08-11 03:06:17,NMS,,
2125.0,2023-08-11,2023-08-11 03:06:17,WP-AM,,
2126.0,2023-08-11,2023-08-11 03:06:17,CH-US,,
3001.0,2023-08-11,2023-08-11 03:06:17,EM-LP,,
3002.0,2023-08-11,2023-08-11 03:06:17,GT-US,,
3003.0,2023-08-11,2023-08-11 03:06:17,Spare,,
3004.0,2023-08-11,2023-08-11 03:06:17,NMS,,
3005.0,2023-08-11,2023-08-11 03:06:17,CH-US,,
3006.0,2023-08-11,2023-08-11 03:06:17,Spare,,
3007.0,2023-08-11,2023-08-11 03:06:17,Spare,,
3008.0,2023-08-11,2023-08-11 03:06:17,Spare,,
3011.0,2023-08-11,2023-08-11 03:06:17,RS-DP,,
3012.0,2023-08-11,2023-08-11 03:06:17,Spare,,
3013.0,2023-08-11,2023-08-11 03:06:17,Spare,,
3014.0,2023-08-11,2023-08-11 03:06:17,Spare,,
3101.0,2023-08-11,2023-08-11 03:06:17,Spare,,
1130.0,2023-08-10,2023-08-10 06:23:30,GT-US,,
1133.0,2023-08-10,2023-08-10 06:23:30,RS-DP,,
1137.0,2023-08-10,2023-08-10 06:23:30,GT-US,,
1138.0,2023-08-10,2023-08-10 06:23:30,GT-US,,
1139.0,2023-08-10,2023-08-10 06:23:30,Spare,,
2001.0,2023-08-10,2023-08-10 06:23:30,RS-DP,,
2002.0,2023-08-10,2023-08-10 06:23:30,RS-DP,,
2003.0,2023-08-10,2023-08-10 06:23:30,CH-US,,
2004.0,2023-08-10,2023-08-10 06:23:30,WP-AM,,
2005.0,2023-08-10,2023-08-10 06:23:30,NMS,,
2006.0,2023-08-10,2023-08-10 06:23:30,NMS,,
2007.0,2023-08-10,2023-08-10 06:23:30,GT-US,,
2008.0,2023-08-10,2023-08-10 06:23:30,EM-LP,,
2010.0,2023-08-10,2023-08-10 06:23:30,WP-AM,,
2011.0,2023-08-10,2023-08-10 06:23:30,WP-AM,,
2012.0,2023-08-10,2023-08-10 06:23:30,GT-US,,
2013.0,2023-08-10,2023-08-10 06:23:30,CH-US,,
2014.0,2023-08-10,2023-08-10 06:23:30,WP-AM,,
2015.0,2023-08-10,2023-08-10 06:23:30,NMS,,
2016.0,2023-08-10,2023-08-10 06:23:30,EM-LP,,
2017.0,2023-08-10,2023-08-10 06:23:30,GT-US,,
2101.0,2023-08-10,2023-08-10 06:23:30,GT-US,,
2102.0,2023-08-10,2023-08-10 06:23:30,EM-LP,,
2103.0,2023-08-10,2023-08-10 06:23:30,CH-US,,
2104.0,2023-08-10,2023-08-10 06:23:30,GT-US,,
2105.0,2023-08-10,2023-08-10 06:23:30,GT-US,,
2106.0,2023-08-10,2023-08-10 06:23:30,NMS,,
2109.0,2023-08-10,2023-08-10 06:23:30,NMS,,
2110.0,2023-08-10,2023-08-10 06:23:30,RS-DP,,
2111.0,2023-08-10,2023-08-10 06:23:30,WP-AM,,
2112.0,2023-08-10,2023-08-10 06:23:30,CH-US,,
2113.0,2023-08-10,2023-08-10 06:23:30,WP-AM,,
2114.0,2023-08-10,2023-08-10 06:23:30,NMS,,
2116.0,2023-08-10,2023-08-10 06:23:30,CH-US,,
2117.0,2023-08-10,2023-08-10 06:23:30,CH-US,,
2118.0,2023-08-10,2023-08-10 06:23:30,RS-DP,,
2119.0,2023-08-10,2023-08-10 06:23:30,CH-US,,
2120.0,2023-08-10,2023-08-10 06:23:30,CH-US,,
2121.0,2023-08-10,2023-08-10 06:23:30,Spare,,
2122.0,2023-08-10,2023-08-10 06:23:30,WP-AM,,
2123.0,2023-08-10,2023-08-10 06:23:30,EM-LP,,
2124.0,2023-08-10,2023-08-10 06:23:30,EM-LP,,
2125.0,2023-08-10,2023-08-10 06:23:30,GT-US,,
3001.0,2023-08-10,2023-08-10 06:23:30,GT-US,,
3002.0,2023-08-10,2023-08-10 06:23:30,WP-AM,,
3003.0,2023-08-10,2023-08-10 06:23:30,Spare,,
3004.0,2023-08-10,2023-08-10 06:23:30,EM-LP,,
3005.0,2023-08-10,2023-08-10 06:23:30,RS-DP,,
3006.0,2023-08-10,2023-08-10 06:23:30,CH-US,,
3007.0,2023-08-10,2023-08-10 06:23:30,Spare,,
3008.0,2023-08-10,2023-08-10 06:23:30,CH-US,,
3011.0,2023-08-10,2023-08-10 06:23:30,EM-LP,,
3012.0,2023-08-10,2023-08-10 06:23:30,Spare,,
3013.0,2023-08-10,2023-08-10 06:23:30,Spare,,
3014.0,2023-08-10,2023-08-10 06:23:30,Spare,,
3101.0,2023-08-10,2023-08-10 06:23:30,Spare,,
1133.0,2023-08-09,2023-08-09 04:47:28,RS-DP,,
1138.0,2023-08-09,2023-08-09 04:47:28,RS-DP,,
1139.0,2023-08-09,2023-08-09 04:47:28,RS-DP,,
2001.0,2023-08-09,2023-08-09 04:47:28,WP-AM,,
2002.0,2023-08-09,2023-08-09 04:47:28,GT-US,,
2004.0,2023-08-09,2023-08-09 04:47:28,CH-US,,
2005.0,2023-08-09,2023-08-09 04:47:28,EM-LP,,
2006.0,2023-08-09,2023-08-09 04:47:28,NMS,,
2007.0,2023-08-09,2023-08-09 04:47:28,NMS,,
2008.0,2023-08-09,2023-08-09 04:47:28,CH-US,,
2010.0,2023-08-09,2023-08-09 04:47:28,WP-AM,,
2011.0,2023-08-09,2023-08-09 04:47:28,WP-AM,,
2012.0,2023-08-09,2023-08-09 04:47:28,GT-US,,
2013.0,2023-08-09,2023-08-09 04:47:28,RS-DP,,
2015.0,2023-08-09,2023-08-09 04:47:28,NMS,,
2016.0,2023-08-09,2023-08-09 04:47:28,CH-US,,
2017.0,2023-08-09,2023-08-09 04:47:28,GT-US,,
2018.0,2023-08-09,2023-08-09 04:47:28,Spare,,
2101.0,2023-08-09,2023-08-09 04:47:28,Spare,,
2102.0,2023-08-09,2023-08-09 04:47:28,Spare,,
2103.0,2023-08-09,2023-08-09 04:47:28,WP-AM,,
2104.0,2023-08-09,2023-08-09 04:47:28,CH-US,,
2105.0,2023-08-09,2023-08-09 04:47:28,Spare,,
2106.0,2023-08-09,2023-08-09 04:47:28,EM-LP,,
2109.0,2023-08-09,2023-08-09 04:47:28,EM-LP,,
2110.0,2023-08-09,2023-08-09 04:47:28,GT-US,,
2111.0,2023-08-09,2023-08-09 04:47:28,CH-US,,
2112.0,2023-08-09,2023-08-09 04:47:28,CH-US,,
2113.0,2023-08-09,2023-08-09 04:47:28,GT-US,,
2114.0,2023-08-09,2023-08-09 04:47:28,EM-LP,,
2116.0,2023-08-09,2023-08-09 04:47:28,Spare,,
2117.0,2023-08-09,2023-08-09 04:47:28,WP-AM,,
2118.0,2023-08-09,2023-08-09 04:47:28,Spare,,
2119.0,2023-08-09,2023-08-09 04:47:28,WP-AM,,
2120.0,2023-08-09,2023-08-09 04:47:28,RS-DP,,
2121.0,2023-08-09,2023-08-09 04:47:28,Spare,,
2122.0,2023-08-09,2023-08-09 04:47:28,NMS,,
2123.0,2023-08-09,2023-08-09 04:47:28,CH-US,,
2124.0,2023-08-09,2023-08-09 04:47:28,EM-LP,,
2125.0,2023-08-09,2023-08-09 04:47:28,GT-US,,
3001.0,2023-08-09,2023-08-09 04:47:28,Spare,,
3002.0,2023-08-09,2023-08-09 04:47:28,Spare,,
3003.0,2023-08-09,2023-08-09 04:47:28,Spare,,
3004.0,2023-08-09,2023-08-09 04:47:28,CH-US,,
3005.0,2023-08-09,2023-08-09 04:47:28,GT-US,,
3006.0,2023-08-09,2023-08-09 04:47:28,Spare,,
3007.0,2023-08-09,2023-08-09 04:47:28,WP-AM,,
3008.0,2023-08-09,2023-08-09 04:47:28,EM-LP,,
3011.0,2023-08-09,2023-08-09 04:47:28,Spare,,
3012.0,2023-08-09,2023-08-09 04:47:28,Spare,,
3013.0,2023-08-09,2023-08-09 04:47:28,RS-DP,,
3014.0,2023-08-09,2023-08-09 04:47:28,Spare,,
3101.0,2023-08-09,2023-08-09 04:47:28,Spare,,
1133.0,2023-08-03,2023-08-06 14:20:24,RS-DP,,
1134.0,2023-08-03,2023-08-06 14:20:24,Spare,,
1138.0,2023-08-03,2023-08-06 14:20:24,GT-US,,
1139.0,2023-08-03,2023-08-06 14:20:24,RS-DP,,
1140.0,2023-08-03,2023-08-06 14:20:24,RS-DP,,
2001.0,2023-08-03,2023-08-06 14:20:24,GT-US,,
2002.0,2023-08-03,2023-08-06 14:20:24,GT-US,,
2004.0,2023-08-03,2023-08-06 14:20:24,EM-LP,,
2005.0,2023-08-03,2023-08-06 14:20:24,EM-LP,,
2006.0,2023-08-03,2023-08-06 14:20:24,Spare,,
2007.0,2023-08-03,2023-08-06 14:20:24,WP-AM,,
2008.0,2023-08-03,2023-08-06 14:20:24,EM-LP,,
2009.0,2023-08-03,2023-08-06 14:20:24,Spare,,
2011.0,2023-08-03,2023-08-06 14:20:24,GT-US,,
2012.0,2023-08-03,2023-08-06 14:20:24,WP-AM,,
2013.0,2023-08-03,2023-08-06 14:20:24,CH-US,,
2014.0,2023-08-03,2023-08-06 14:20:24,Spare,,
2015.0,2023-08-03,2023-08-06 14:20:24,NMS,,
2016.0,2023-08-03,2023-08-06 14:20:24,CH-US,,
2017.0,2023-08-03,2023-08-06 14:20:24,CH-US,,
2018.0,2023-08-03,2023-08-06 14:20:24,NMS,,
2101.0,2023-08-03,2023-08-06 14:20:24,WP-AM,,
2102.0,2023-08-03,2023-08-06 14:20:24,EM-LP,,
2104.0,2023-08-03,2023-08-06 14:20:24,CH-US,,
2105.0,2023-08-03,2023-08-06 14:20:24,NMS,,
2106.0,2023-08-03,2023-08-06 14:20:24,CH-US,,
2109.0,2023-08-03,2023-08-06 14:20:24,GT-US,,
2110.0,2023-08-03,2023-08-06 14:20:24,GT-US,,
2111.0,2023-08-03,2023-08-06 14:20:24,RS-DP,,
2112.0,2023-08-03,2023-08-06 14:20:24,Spare,,
2113.0,2023-08-03,2023-08-06 14:20:24,RS-DP,,
2114.0,2023-08-03,2023-08-06 14:20:24,WP-AM,,
2115.0,2023-08-03,2023-08-06 14:20:24,GT-US,,
2116.0,2023-08-03,2023-08-06 14:20:24,GT-US,,
2118.0,2023-08-03,2023-08-06 14:20:24,GT-US,,
2119.0,2023-08-03,2023-08-06 14:20:24,CH-US,,
2120.0,2023-08-03,2023-08-06 14:20:24,CH-US,,
2121.0,2023-08-03,2023-08-06 14:20:24,WP-AM,,
2122.0,2023-08-03,2023-08-06 14:20:24,NMS,,
2123.0,2023-08-03,2023-08-06 14:20:24,WP-AM,,
2124.0,2023-08-03,2023-08-06 14:20:24,CH-US,,
2125.0,2023-08-03,2023-08-06 14:20:24,Spare,,
2126.0,2023-08-03,2023-08-06 14:20:24,EM-LP,,
3001.0,2023-08-03,2023-08-06 14:20:24,Spare,,
3002.0,2023-08-03,2023-08-06 14:20:24,Spare,,
3003.0,2023-08-03,2023-08-06 14:20:24,Spare,,
3004.0,2023-08-03,2023-08-06 14:20:24,RS-DP,,
3005.0,2023-08-03,2023-08-06 14:20:24,WP-AM,,
3007.0,2023-08-03,2023-08-06 14:20:24,CH-US,,
3008.0,2023-08-03,2023-08-06 14:20:24,Spare,,
3011.0,2023-08-03,2023-08-06 14:20:24,Spare,,
3013.0,2023-08-03,2023-08-06 14:20:24,GT-US,,
3014.0,2023-08-03,2023-08-06 14:20:24,EM-LP,,
3101.0,2023-08-03,2023-08-06 14:20:24,Not in Service,Not Specified,
1133.0,2023-08-02,2023-08-06 14:20:24,WP-AM,,
1134.0,2023-08-02,2023-08-06 14:20:24,RS-DP,,
1138.0,2023-08-02,2023-08-06 14:20:24,GT-US,,
1139.0,2023-08-02,2023-08-06 14:20:24,GT-US,,
1140.0,2023-08-02,2023-08-06 14:20:24,RS-DP,,
2001.0,2023-08-02,2023-08-06 14:20:24,RS-DP,,
2002.0,2023-08-02,2023-08-06 14:20:24,CH-US,,
2004.0,2023-08-02,2023-08-06 14:20:24,EM-LP,,
2005.0,2023-08-02,2023-08-06 14:20:24,Spare,,
2006.0,2023-08-02,2023-08-06 14:20:24,NMS,,
2007.0,2023-08-02,2023-08-06 14:20:24,Spare,,
2008.0,2023-08-02,2023-08-06 14:20:24,NMS,,
2009.0,2023-08-02,2023-08-06 14:20:24,EM-LP,,
2011.0,2023-08-02,2023-08-06 14:20:24,Spare,,
2012.0,2023-08-02,2023-08-06 14:20:24,WP-AM,,
2013.0,2023-08-02,2023-08-06 14:20:24,GT-US,,
2014.0,2023-08-02,2023-08-06 14:20:24,EM-LP,,
2015.0,2023-08-02,2023-08-06 14:20:24,NMS,,
2016.0,2023-08-02,2023-08-06 14:20:24,WP-AM,,
2017.0,2023-08-02,2023-08-06 14:20:24,GT-US,,
2018.0,2023-08-02,2023-08-06 14:20:24,EM-LP,,
2101.0,2023-08-02,2023-08-06 14:20:24,WP-AM,,
2102.0,2023-08-02,2023-08-06 14:20:24,CH-US,,
2104.0,2023-08-02,2023-08-06 14:20:24,GT-US,,
2105.0,2023-08-02,2023-08-06 14:20:24,Spare,,
2106.0,2023-08-02,2023-08-06 14:20:24,CH-US,,
2109.0,2023-08-02,2023-08-06 14:20:24,GT-US,,
2110.0,2023-08-02,2023-08-06 14:20:24,CH-US,,
2111.0,2023-08-02,2023-08-06 14:20:24,RS-DP,,
2112.0,2023-08-02,2023-08-06 14:20:24,EM-LP,,
2113.0,2023-08-02,2023-08-06 14:20:24,RS-DP,,
2114.0,2023-08-02,2023-08-06 14:20:24,GT-US,,
2115.0,2023-08-02,2023-08-06 14:20:24,WP-AM,,
2116.0,2023-08-02,2023-08-06 14:20:24,CH-US,,
2118.0,2023-08-02,2023-08-06 14:20:24,CH-US,,
2119.0,2023-08-02,2023-08-06 14:20:24,GT-US,,
2120.0,2023-08-02,2023-08-06 14:20:24,WP-AM,,
2121.0,2023-08-02,2023-08-06 14:20:24,GT-US,,
2122.0,2023-08-02,2023-08-06 14:20:24,CH-US,,
2124.0,2023-08-02,2023-08-06 14:20:24,Spare,,
2125.0,2023-08-02,2023-08-06 14:20:24,CH-US,,
2126.0,2023-08-02,2023-08-06 14:20:24,NMS,,
3001.0,2023-08-02,2023-08-06 14:20:24,Spare,,
3002.0,2023-08-02,2023-08-06 14:20:24,CH-US,,
3003.0,2023-08-02,2023-08-06 14:20:24,EM-LP,,
3004.0,2023-08-02,2023-08-06 14:20:24,Spare,,
3007.0,2023-08-02,2023-08-06 14:20:24,WP-AM,,
3008.0,2023-08-02,2023-08-06 14:20:24,Spare,,
3011.0,2023-08-02,2023-08-06 14:20:24,Spare,,
3013.0,2023-08-02,2023-08-06 14:20:24,RS-DP,,
3014.0,2023-08-02,2023-08-06 14:20:24,Spare,,
3101.0,2023-08-02,2023-08-06 14:20:24,Not in Service,Not Specified,
1133.0,2023-08-01,2023-08-06 14:20:24,GT-US,,
1134.0,2023-08-01,2023-08-06 14:20:24,RS-DP,,
1138.0,2023-08-01,2023-08-06 14:20:24,WP-AM,,
1139.0,2023-08-01,2023-08-06 14:20:24,RS-DP,,
1140.0,2023-08-01,2023-08-06 14:20:24,GT-US,,
2001.0,2023-08-01,2023-08-06 14:20:24,GT-US,,
2002.0,2023-08-01,2023-08-06 14:20:24,GT-US,,
2004.0,2023-08-01,2023-08-06 14:20:24,NMS,,
2005.0,2023-08-01,2023-08-06 14:20:24,GT-US,,
2006.0,2023-08-01,2023-08-06 14:20:24,EM-LP,,
2007.0,2023-08-01,2023-08-06 14:20:24,EM-LP,,
2008.0,2023-08-01,2023-08-06 14:20:24,CH-US,,
2009.0,2023-08-01,2023-08-06 14:20:24,EM-LP,,
2011.0,2023-08-01,2023-08-06 14:20:24,Spare,,
2012.0,2023-08-01,2023-08-06 14:20:24,WP-AM,,
2013.0,2023-08-01,2023-08-06 14:20:24,EM-LP,,
2014.0,2023-08-01,2023-08-06 14:20:24,Spare,,
2015.0,2023-08-01,2023-08-06 14:20:24,CH-US,,
2016.0,2023-08-01,2023-08-06 14:20:24,RS-DP,,
2017.0,2023-08-01,2023-08-06 14:20:24,WP-AM,,
2018.0,2023-08-01,2023-08-06 14:20:24,NMS,,
2101.0,2023-08-01,2023-08-06 14:20:24,Spare,,
2103.0,2023-08-01,2023-08-06 14:20:24,GT-US,,
2104.0,2023-08-01,2023-08-06 14:20:24,GT-US,,
2105.0,2023-08-01,2023-08-06 14:20:24,Spare,,
2106.0,2023-08-01,2023-08-06 14:20:24,Spare,,
2109.0,2023-08-01,2023-08-06 14:20:24,CH-US,,
2110.0,2023-08-01,2023-08-06 14:20:24,GT-US,,
2111.0,2023-08-01,2023-08-06 14:20:24,CH-US,,
2112.0,2023-08-01,2023-08-06 14:20:24,NMS,,
2113.0,2023-08-01,2023-08-06 14:20:24,CH-US,,
2114.0,2023-08-01,2023-08-06 14:20:24,WP-AM,,
2115.0,2023-08-01,2023-08-06 14:20:24,RS-DP,,
2116.0,2023-08-01,2023-08-06 14:20:24,GT-US,,
2118.0,2023-08-01,2023-08-06 14:20:24,WP-AM,,
2119.0,2023-08-01,2023-08-06 14:20:24,CH-US,,
2120.0,2023-08-01,2023-08-06 14:20:24,Spare,,
2121.0,2023-08-01,2023-08-06 14:20:24,CH-US,,
2122.0,2023-08-01,2023-08-06 14:20:24,WP-AM,,
2124.0,2023-08-01,2023-08-06 14:20:24,RS-DP,,
2125.0,2023-08-01,2023-08-06 14:20:24,CH-US,,
2126.0,2023-08-01,2023-08-06 14:20:24,NMS,,
3001.0,2023-08-01,2023-08-06 14:20:24,Spare,,
3002.0,2023-08-01,2023-08-06 14:20:24,Spare,,
3003.0,2023-08-01,2023-08-06 14:20:24,CH-US,,
3004.0,2023-08-01,2023-08-06 14:20:24,Spare,,
3007.0,2023-08-01,2023-08-06 14:20:24,Spare,,
3008.0,2023-08-01,2023-08-06 14:20:24,GT-US,,
3011.0,2023-08-01,2023-08-06 14:20:24,WP-AM,,
3013.0,2023-08-01,2023-08-06 14:20:24,RS-DP,,
3014.0,2023-08-01,2023-08-06 14:20:24,Spare,,
3101.0,2023-08-01,2023-08-06 14:20:24,Not in Service,Not Specified,
1133.0,2023-07-31,2023-08-06 14:20:24,GT-US,,
1134.0,2023-07-31,2023-08-06 14:20:24,RS-DP,,
1138.0,2023-07-31,2023-08-06 14:20:24,GT-US,,
1139.0,2023-07-31,2023-08-06 14:20:24,RS-DP,,
1140.0,2023-07-31,2023-08-06 14:20:24,WP-AM,,
2001.0,2023-07-31,2023-08-06 14:20:24,GT-US,,
2004.0,2023-07-31,2023-08-06 14:20:24,CH-US,,
2005.0,2023-07-31,2023-08-06 14:20:24,WP-AM,,
2006.0,2023-07-31,2023-08-06 14:20:24,NMS,,
2007.0,2023-07-31,2023-08-06 14:20:24,NMS,,
2008.0,2023-07-31,2023-08-06 14:20:24,Spare,,
2009.0,2023-07-31,2023-08-06 14:20:24,NMS,,
2011.0,2023-07-31,2023-08-06 14:20:24,EM-LP,,
2012.0,2023-07-31,2023-08-06 14:20:24,GT-US,,
2013.0,2023-07-31,2023-08-06 14:20:24,EM-LP,,
2014.0,2023-07-31,2023-08-06 14:20:24,Spare,,
2015.0,2023-07-31,2023-08-06 14:20:24,CH-US,,
2016.0,2023-07-31,2023-08-06 14:20:24,CH-US,,
2017.0,2023-07-31,2023-08-06 14:20:24,GT-US,,
2018.0,2023-07-31,2023-08-06 14:20:24,EM-LP,,
2101.0,2023-07-31,2023-08-06 14:20:24,GT-US,,
2103.0,2023-07-31,2023-08-06 14:20:24,WP-AM,,
2104.0,2023-07-31,2023-08-06 14:20:24,WP-AM,,
2105.0,2023-07-31,2023-08-06 14:20:24,EM-LP,,
2106.0,2023-07-31,2023-08-06 14:20:24,Spare,,
2109.0,2023-07-31,2023-08-06 14:20:24,CH-US,,
2110.0,2023-07-31,2023-08-06 14:20:24,WP-AM,,
2112.0,2023-07-31,2023-08-06 14:20:24,Spare,,
2113.0,2023-07-31,2023-08-06 14:20:24,CH-US,,
2114.0,2023-07-31,2023-08-06 14:20:24,CH-US,,
2115.0,2023-07-31,2023-08-06 14:20:24,RS-DP,,
2116.0,2023-07-31,2023-08-06 14:20:24,GT-US,,
2118.0,2023-07-31,2023-08-06 14:20:24,RS-DP,,
2119.0,2023-07-31,2023-08-06 14:20:24,WP-AM,,
2120.0,2023-07-31,2023-08-06 14:20:24,CH-US,,
2121.0,2023-07-31,2023-08-06 14:20:24,GT-US,,
2122.0,2023-07-31,2023-08-06 14:20:24,RS-DP,,
2123.0,2023-07-31,2023-08-06 14:20:24,CH-US,,
2124.0,2023-07-31,2023-08-06 14:20:24,GT-US,,
2125.0,2023-07-31,2023-08-06 14:20:24,Spare,,
2126.0,2023-07-31,2023-08-06 14:20:24,EM-LP,,
3001.0,2023-07-31,2023-08-06 14:20:24,Spare,,
3002.0,2023-07-31,2023-08-06 14:20:24,CH-US,,
3003.0,2023-07-31,2023-08-06 14:20:24,Spare,,
3004.0,2023-07-31,2023-08-06 14:20:24,Spare,,
3005.0,2023-07-31,2023-08-06 14:20:24,Spare,,
3007.0,2023-07-31,2023-08-06 14:20:24,Spare,,
3008.0,2023-07-31,2023-08-06 14:20:24,Spare,,
3011.0,2023-07-31,2023-08-06 14:20:24,Spare,,
3012.0,2023-07-31,2023-08-06 14:20:24,Spare,,
3013.0,2023-07-31,2023-08-06 14:20:24,GT-US,,
3014.0,2023-07-31,2023-08-06 14:20:24,Spare,,
1133.0,2023-07-30,2023-08-06 14:20:24,GT-US,,
1134.0,2023-07-30,2023-08-06 14:20:24,GT-US,,
1138.0,2023-07-30,2023-08-06 14:20:24,WP-AM,,
1139.0,2023-07-30,2023-08-06 14:20:24,RS-DP,,
1140.0,2023-07-30,2023-08-06 14:20:24,RS-DP,,
2001.0,2023-07-30,2023-08-06 14:20:24,CH-US,,
2004.0,2023-07-30,2023-08-06 14:20:24,RS-DP,,
2005.0,2023-07-30,2023-08-06 14:20:24,GT-US,,
2006.0,2023-07-30,2023-08-06 14:20:24,NMS,,
2007.0,2023-07-30,2023-08-06 14:20:24,EM-LP,,
2008.0,2023-07-30,2023-08-06 14:20:24,EM-LP,,
2009.0,2023-07-30,2023-08-06 14:20:24,EM-LP,,
2011.0,2023-07-30,2023-08-06 14:20:24,Spare,,
2012.0,2023-07-30,2023-08-06 14:20:24,WP-AM,,
2013.0,2023-07-30,2023-08-06 14:20:24,Spare,,
2014.0,2023-07-30,2023-08-06 14:20:24,EM-LP,,
2015.0,2023-07-30,2023-08-06 14:20:24,CH-US,,
2016.0,2023-07-30,2023-08-06 14:20:24,GT-US,,
2017.0,2023-07-30,2023-08-06 14:20:24,CH-US,,
2018.0,2023-07-30,2023-08-06 14:20:24,NMS,,
2101.0,2023-07-30,2023-08-06 14:20:24,RS-DP,,
2103.0,2023-07-30,2023-08-06 14:20:24,WP-AM,,
2104.0,2023-07-30,2023-08-06 14:20:24,GT-US,,
2105.0,2023-07-30,2023-08-06 14:20:24,Spare,,
2106.0,2023-07-30,2023-08-06 14:20:24,Spare,,
2109.0,2023-07-30,2023-08-06 14:20:24,GT-US,,
2110.0,2023-07-30,2023-08-06 14:20:24,WP-AM,,
2111.0,2023-07-30,2023-08-06 14:20:24,GT-US,,
2112.0,2023-07-30,2023-08-06 14:20:24,Spare,,
2113.0,2023-07-30,2023-08-06 14:20:24,CH-US,,
2114.0,2023-07-30,2023-08-06 14:20:24,CH-US,,
2115.0,2023-07-30,2023-08-06 14:20:24,GT-US,,
2116.0,2023-07-30,2023-08-06 14:20:24,GT-US,,
2118.0,2023-07-30,2023-08-06 14:20:24,CH-US,,
2119.0,2023-07-30,2023-08-06 14:20:24,CH-US,,
2120.0,2023-07-30,2023-08-06 14:20:24,RS-DP,,
2121.0,2023-07-30,2023-08-06 14:20:24,WP-AM,,
2122.0,2023-07-30,2023-08-06 14:20:24,WP-AM,,
2123.0,2023-07-30,2023-08-06 14:20:24,CH-US,,
2125.0,2023-07-30,2023-08-06 14:20:24,GT-US,,
2126.0,2023-07-30,2023-08-06 14:20:24,Spare,,
3001.0,2023-07-30,2023-08-06 14:20:24,Spare,,
3002.0,2023-07-30,2023-08-06 14:20:24,Spare,,
3003.0,2023-07-30,2023-08-06 14:20:24,Spare,,
3004.0,2023-07-30,2023-08-06 14:20:24,Spare,,
3005.0,2023-07-30,2023-08-06 14:20:24,Spare,,
3007.0,2023-07-30,2023-08-06 14:20:24,Spare,,
3008.0,2023-07-30,2023-08-06 14:20:24,Spare,,
3011.0,2023-07-30,2023-08-06 14:20:24,RS-DP,,
3012.0,2023-07-30,2023-08-06 14:20:24,CH-US,,
3013.0,2023-07-30,2023-08-06 14:20:24,Spare,,
3014.0,2023-07-30,2023-08-06 14:20:24,Spare,,
3101.0,2023-07-30,2023-08-06 14:20:24,Not in Service,Not Specified,
1133.0,2023-07-29,2023-08-06 14:20:24,RS-DP,,
1134.0,2023-07-29,2023-08-06 14:20:24,GT-US,,
1136.0,2023-07-29,2023-08-06 14:20:24,Down,Not Specified,
1138.0,2023-07-29,2023-08-06 14:20:24,RS-DP,,
1139.0,2023-07-29,2023-08-06 14:20:24,GT-US,,
1140.0,2023-07-29,2023-08-06 14:20:24,WP-AM,,
2001.0,2023-07-29,2023-08-06 14:20:24,GT-US,,
2002.0,2023-07-29,2023-08-06 14:20:24,GT-US,,
2004.0,2023-07-29,2023-08-06 14:20:24,CH-US,,
2005.0,2023-07-29,2023-08-06 14:20:24,Spare,,
2006.0,2023-07-29,2023-08-06 14:20:24,NMS,,
2007.0,2023-07-29,2023-08-06 14:20:24,Spare,,
2008.0,2023-07-29,2023-08-06 14:20:24,NMS,,
2009.0,2023-07-29,2023-08-06 14:20:24,EM-LP,,
2011.0,2023-07-29,2023-08-06 14:20:24,Spare,,
2012.0,2023-07-29,2023-08-06 14:20:24,RS-DP,,
2013.0,2023-07-29,2023-08-06 14:20:24,Spare,,
2014.0,2023-07-29,2023-08-06 14:20:24,NMS,,
2015.0,2023-07-29,2023-08-06 14:20:24,GT-US,,
2016.0,2023-07-29,2023-08-06 14:20:24,WP-AM,,
2018.0,2023-07-29,2023-08-06 14:20:24,EM-LP,,
2101.0,2023-07-29,2023-08-06 14:20:24,CH-US,,
2103.0,2023-07-29,2023-08-06 14:20:24,CH-US,,
2104.0,2023-07-29,2023-08-06 14:20:24,EM-LP,,
2105.0,2023-07-29,2023-08-06 14:20:24,Spare,,
2106.0,2023-07-29,2023-08-06 14:20:24,EM-LP,,
2109.0,2023-07-29,2023-08-06 14:20:24,WP-AM,,
2110.0,2023-07-29,2023-08-06 14:20:24,RS-DP,,
2111.0,2023-07-29,2023-08-06 14:20:24,GT-US,,
2112.0,2023-07-29,2023-08-06 14:20:24,EM-LP,,
2113.0,2023-07-29,2023-08-06 14:20:24,GT-US,,
2114.0,2023-07-29,2023-08-06 14:20:24,CH-US,,
2115.0,2023-07-29,2023-08-06 14:20:24,CH-US,,
2118.0,2023-07-29,2023-08-06 14:20:24,CH-US,,
2119.0,2023-07-29,2023-08-06 14:20:24,CH-US,,
2120.0,2023-07-29,2023-08-06 14:20:24,CH-US,,
2121.0,2023-07-29,2023-08-06 14:20:24,WP-AM,,
2122.0,2023-07-29,2023-08-06 14:20:24,WP-AM,,
2123.0,2023-07-29,2023-08-06 14:20:24,GT-US,,
2125.0,2023-07-29,2023-08-06 14:20:24,GT-US,,
2126.0,2023-07-29,2023-08-06 14:20:24,CH-US,,
3001.0,2023-07-29,2023-08-06 14:20:24,EM-LP,,
3002.0,2023-07-29,2023-08-06 14:20:24,Spare,,
3003.0,2023-07-29,2023-08-06 14:20:24,WP-AM,,
3004.0,2023-07-29,2023-08-06 14:20:24,Spare,,
3005.0,2023-07-29,2023-08-06 14:20:24,Spare,,
3007.0,2023-07-29,2023-08-06 14:20:24,NMS,,
3008.0,2023-07-29,2023-08-06 14:20:24,Spare,,
3011.0,2023-07-29,2023-08-06 14:20:24,RS-DP,,
3012.0,2023-07-29,2023-08-06 14:20:24,GT-US,,
3013.0,2023-07-29,2023-08-06 14:20:24,Spare,,
3014.0,2023-07-29,2023-08-06 14:20:24,CH-US,,
3101.0,2023-07-29,2023-08-06 14:20:24,Not in Service,Not Specified,
1132.0,2023-07-28,2023-08-06 14:20:24,Spare,,
1133.0,2023-07-28,2023-08-06 14:20:24,RS-DP,,
1134.0,2023-07-28,2023-08-06 14:20:24,RS-DP,,
1138.0,2023-07-28,2023-08-06 14:20:24,WP-AM,,
1139.0,2023-07-28,2023-08-06 14:20:24,Spare,,
1140.0,2023-07-28,2023-08-06 14:20:24,RS-DP,,
2001.0,2023-07-28,2023-08-06 14:20:24,RS-DP,,
2002.0,2023-07-28,2023-08-06 14:20:24,WP-AM,,
2004.0,2023-07-28,2023-08-06 14:20:24,CH-US,,
2005.0,2023-07-28,2023-08-06 14:20:24,GT-US,,
2006.0,2023-07-28,2023-08-06 14:20:24,CH-US,,
2007.0,2023-07-28,2023-08-06 14:20:24,NMS,,
2008.0,2023-07-28,2023-08-06 14:20:24,NMS,,
2009.0,2023-07-28,2023-08-06 14:20:24,Spare,,
2011.0,2023-07-28,2023-08-06 14:20:24,EM-LP,,
2012.0,2023-07-28,2023-08-06 14:20:24,CH-US,,
2013.0,2023-07-28,2023-08-06 14:20:24,GT-US,,
2014.0,2023-07-28,2023-08-06 14:20:24,Spare,,
2016.0,2023-07-28,2023-08-06 14:20:24,GT-US,,
2017.0,2023-07-28,2023-08-06 14:20:24,WP-AM,,
2018.0,2023-07-28,2023-08-06 14:20:24,Spare,,
2101.0,2023-07-28,2023-08-06 14:20:24,GT-US,,
2103.0,2023-07-28,2023-08-06 14:20:24,GT-US,,
2104.0,2023-07-28,2023-08-06 14:20:24,EM-LP,,
2105.0,2023-07-28,2023-08-06 14:20:24,EM-LP,,
2106.0,2023-07-28,2023-08-06 14:20:24,NMS,,
2107.0,2023-07-28,2023-08-06 14:20:24,Spare,,
2108.0,2023-07-28,2023-08-06 14:20:24,Spare,,
2109.0,2023-07-28,2023-08-06 14:20:24,GT-US,,
2110.0,2023-07-28,2023-08-06 14:20:24,CH-US,,
2111.0,2023-07-28,2023-08-06 14:20:24,WP-AM,,
2112.0,2023-07-28,2023-08-06 14:20:24,NMS,,
2113.0,2023-07-28,2023-08-06 14:20:24,Spare,,
2114.0,2023-07-28,2023-08-06 14:20:24,EM-LP,,
2115.0,2023-07-28,2023-08-06 14:20:24,GT-US,,
2116.0,2023-07-28,2023-08-06 14:20:24,GT-US,,
2118.0,2023-07-28,2023-08-06 14:20:24,GT-US,,
2119.0,2023-07-28,2023-08-06 14:20:24,GT-US,,
2120.0,2023-07-28,2023-08-06 14:20:24,CH-US,,
2121.0,2023-07-28,2023-08-06 14:20:24,RS-DP,,
2122.0,2023-07-28,2023-08-06 14:20:24,WP-AM,,
2123.0,2023-07-28,2023-08-06 14:20:24,CH-US,,
2124.0,2023-07-28,2023-08-06 14:20:24,CH-US,,
2125.0,2023-07-28,2023-08-06 14:20:24,WP-AM,,
2126.0,2023-07-28,2023-08-06 14:20:24,CH-US,,
3001.0,2023-07-28,2023-08-06 14:20:24,Spare,,
3002.0,2023-07-28,2023-08-06 14:20:24,Spare,,
3003.0,2023-07-28,2023-08-06 14:20:24,Spare,,
3004.0,2023-07-28,2023-08-06 14:20:24,Spare,,
3005.0,2023-07-28,2023-08-06 14:20:24,EM-LP,,
3006.0,2023-07-28,2023-08-06 14:20:24,WP-AM,,
3007.0,2023-07-28,2023-08-06 14:20:24,Spare,,
3008.0,2023-07-28,2023-08-06 14:20:24,CH-US,,
3011.0,2023-07-28,2023-08-06 14:20:24,GT-US,,
3012.0,2023-07-28,2023-08-06 14:20:24,RS-DP,,
3013.0,2023-07-28,2023-08-06 14:20:24,Spare,,
3014.0,2023-07-28,2023-08-06 14:20:24,Spare,,
3101.0,2023-07-28,2023-08-06 14:20:24,Not in Service,Not Specified,
1130.0,2023-08-24,2023-08-24 03:56:59,Down,A/C (HVAC) Issues,
1131.0,2023-08-24,2023-08-24 03:56:59,RS-DP,,
1132.0,2023-08-24,2023-08-24 03:56:59,Down,A/C (HVAC) Issues,
1133.0,2023-08-24,2023-08-24 03:56:59,Down,A/C (HVAC) Issues,
1134.0,2023-08-24,2023-08-24 03:56:59,RS-DP,,
1135.0,2023-08-24,2023-08-24 03:56:59,Down,Mid-life Refurbishment,
1136.0,2023-08-24,2023-08-24 03:56:59,Down,Transmission Issues,
1137.0,2023-08-24,2023-08-24 03:56:59,GT-US,,
1138.0,2023-08-24,2023-08-24 03:56:59,Down,Accident Damage,
1139.0,2023-08-24,2023-08-24 03:56:59,GT-US,,
1140.0,2023-08-24,2023-08-24 03:56:59,Spare,,
1141.0,2023-08-24,2023-08-24 03:56:59,Down,Overheating Engine,
1142.0,2023-08-24,2023-08-24 03:56:59,RS-DP,,
1143.0,2023-08-24,2023-08-24 03:56:59,Spare,,
2001.0,2023-08-24,2023-08-24 03:56:59,CH-US,,
2002.0,2023-08-24,2023-08-24 03:56:59,GT-US,,
2003.0,2023-08-24,2023-08-24 03:56:59,Down,Bae Issues/Doesn't Move/Cluster,
2004.0,2023-08-24,2023-08-24 03:56:59,GT-US,,
2005.0,2023-08-24,2023-08-24 03:56:59,RS-DP,,
2006.0,2023-08-24,2023-08-24 03:56:59,NMS,,
2007.0,2023-08-24,2023-08-24 03:56:59,Down,Follow Up,
2008.0,2023-08-24,2023-08-24 03:56:59,NMS,,
2009.0,2023-08-24,2023-08-24 03:56:59,Down,Bae Issues/Doesn't Move/Cluster,
2010.0,2023-08-24,2023-08-24 03:56:59,CH-US,,
2011.0,2023-08-24,2023-08-24 03:56:59,Spare,,
2012.0,2023-08-24,2023-08-24 03:56:59,Spare,,
2013.0,2023-08-24,2023-08-24 03:56:59,Down,Check/Stop System/Engine Lights, Follow Up
2014.0,2023-08-24,2023-08-24 03:56:59,NMS,,
2015.0,2023-08-24,2023-08-24 03:56:59,CH-US,,
2016.0,2023-08-24,2023-08-24 03:56:59,WP-AM,,
2017.0,2023-08-24,2023-08-24 03:56:59,NMS,,
2018.0,2023-08-24,2023-08-24 03:56:59,Down,Fire Suppression System/Discharge/No Start,
2101.0,2023-08-24,2023-08-24 03:56:59,EM-LP,,
2102.0,2023-08-24,2023-08-24 03:56:59,Spare,,
2103.0,2023-08-24,2023-08-24 03:56:59,EM-LP,,
2104.0,2023-08-24,2023-08-24 03:56:59,GT-US,,
2105.0,2023-08-24,2023-08-24 03:56:59,CH-US,,
2106.0,2023-08-24,2023-08-24 03:56:59,Spare,,
2107.0,2023-08-24,2023-08-24 03:56:59,Down,Fire Suppression System/Discharge/No Start, Ignition Issues/No Start
2108.0,2023-08-24,2023-08-24 03:56:59,Down,Transmission Issues,
2109.0,2023-08-24,2023-08-24 03:56:59,EM-LP,,
2110.0,2023-08-24,2023-08-24 03:56:59,Spare,,
2111.0,2023-08-24,2023-08-24 03:56:59,WP-AM,,
2112.0,2023-08-24,2023-08-24 03:56:59,CH-US,,
2113.0,2023-08-24,2023-08-24 03:56:59,EM-LP,,
2114.0,2023-08-24,2023-08-24 03:56:59,Spare,,
2115.0,2023-08-24,2023-08-24 03:56:59,Spare,,
2116.0,2023-08-24,2023-08-24 03:56:59,WP-AM,,
2117.0,2023-08-24,2023-08-24 03:56:59,WP-AM,,
2118.0,2023-08-24,2023-08-24 03:56:59,CH-US,,
2119.0,2023-08-24,2023-08-24 03:56:59,EM-LP,,
2120.0,2023-08-24,2023-08-24 03:56:59,CH-US,,
2121.0,2023-08-24,2023-08-24 03:56:59,RS-DP,,
2122.0,2023-08-24,2023-08-24 03:56:59,GT-US,,
2123.0,2023-08-24,2023-08-24 03:56:59,GT-US,,
2124.0,2023-08-24,2023-08-24 03:56:59,GT-US,,
2125.0,2023-08-24,2023-08-24 03:56:59,WP-AM,,
2126.0,2023-08-24,2023-08-24 03:56:59,WP-AM,,
3001.0,2023-08-24,2023-08-24 03:56:59,EM-LP,,
3002.0,2023-08-24,2023-08-24 03:56:59,Spare,,
3003.0,2023-08-24,2023-08-24 03:56:59,Down,Air Pressure,
3004.0,2023-08-24,2023-08-24 03:56:59,RS-DP,,
3005.0,2023-08-24,2023-08-24 03:56:59,Spare,,
3006.0,2023-08-24,2023-08-24 03:56:59,Spare,,
3007.0,2023-08-24,2023-08-24 03:56:59,Spare,,
3008.0,2023-08-24,2023-08-24 03:56:59,Spare,,
3009.0,2023-08-24,2023-08-24 03:56:59,Down,DC/DC#2,
3010.0,2023-08-24,2023-08-24 03:56:59,Down,Accident Damage,
3011.0,2023-08-24,2023-08-24 03:56:59,Spare,,
3012.0,2023-08-24,2023-08-24 03:56:59,Spare,,
3013.0,2023-08-24,2023-08-24 03:56:59,Spare,,
3014.0,2023-08-24,2023-08-24 03:56:59,GT-US,,
3101.0,2023-08-24,2023-08-24 03:56:59,Training,,
