Service Date,Report Time,Route,Service Week,Down,Spares,Training,Not in Service,Total Bus Fleet,Spares %,Down %,Training %,Not in Service %
2023-07-28,AM Service Delivery (7 AM-9 AM),CH-US,Friday,20.0,5.0,1.0,0.0,73,0.0684931506849315,0.273972602739726,0.0136986301369863,0.0
2023-07-28,AM Service Delivery (7 AM-9 AM),EM-LP,Friday,20.0,5.0,1.0,0.0,73,0.0684931506849315,0.273972602739726,0.0136986301369863,0.0
2023-07-28,AM Service Delivery (7 AM-9 AM),GT-US,Friday,20.0,5.0,1.0,0.0,73,0.0684931506849315,0.273972602739726,0.0136986301369863,0.0
2023-07-28,AM Service Delivery (7 AM-9 AM),NMS,Friday,20.0,5.0,1.0,0.0,73,0.0684931506849315,0.273972602739726,0.0136986301369863,0.0
2023-07-28,AM Service Delivery (7 AM-9 AM),RS-DP,Friday,20.0,5.0,1.0,0.0,73,0.0684931506849315,0.273972602739726,0.0136986301369863,0.0
2023-07-28,AM Service Delivery (7 AM-9 AM),WP-AM,Friday,20.0,5.0,1.0,0.0,73,0.0684931506849315,0.273972602739726,0.0136986301369863,0.0
2023-07-28,Night Service Delivery (9 PM onwards),CH-US,Friday,19.0,4.0,0.0,0.0,73,0.0547945205479452,0.2602739726027397,0.0,0.0
2023-07-28,Night Service Delivery (9 PM onwards),EM-LP,Friday,19.0,4.0,0.0,0.0,73,0.0547945205479452,0.2602739726027397,0.0,0.0
2023-07-28,Night Service Delivery (9 PM onwards),GT-US,Friday,19.0,4.0,0.0,0.0,73,0.0547945205479452,0.2602739726027397,0.0,0.0
2023-07-28,Night Service Delivery (9 PM onwards),NMS,Friday,19.0,4.0,0.0,0.0,73,0.0547945205479452,0.2602739726027397,0.0,0.0
2023-07-28,Night Service Delivery (9 PM onwards),RS-DP,Friday,19.0,4.0,0.0,0.0,73,0.0547945205479452,0.2602739726027397,0.0,0.0
2023-07-28,Night Service Delivery (9 PM onwards),WP-AM,Friday,19.0,4.0,0.0,0.0,73,0.0547945205479452,0.2602739726027397,0.0,0.0
2023-07-28,PM Service Delivery (3 PM-5 PM),CH-US,Friday,24.0,1.0,0.0,0.0,73,0.0136986301369863,0.3287671232876712,0.0,0.0
2023-07-28,PM Service Delivery (3 PM-5 PM),EM-LP,Friday,24.0,1.0,0.0,0.0,73,0.0136986301369863,0.3287671232876712,0.0,0.0
2023-07-28,PM Service Delivery (3 PM-5 PM),GT-US,Friday,24.0,1.0,0.0,0.0,73,0.0136986301369863,0.3287671232876712,0.0,0.0
2023-07-28,PM Service Delivery (3 PM-5 PM),NMS,Friday,24.0,1.0,0.0,0.0,73,0.0136986301369863,0.3287671232876712,0.0,0.0
2023-07-28,PM Service Delivery (3 PM-5 PM),RS-DP,Friday,24.0,1.0,0.0,0.0,73,0.0136986301369863,0.3287671232876712,0.0,0.0
2023-07-28,PM Service Delivery (3 PM-5 PM),WP-AM,Friday,24.0,1.0,0.0,0.0,73,0.0136986301369863,0.3287671232876712,0.0,0.0
2023-07-28,Pull-out AM (6 AM-7 AM),CH-US,Friday,15.0,15.0,0.0,0.0,73,0.2054794520547945,0.2054794520547945,0.0,0.0
2023-07-28,Pull-out AM (6 AM-7 AM),EM-LP,Friday,15.0,15.0,0.0,0.0,73,0.2054794520547945,0.2054794520547945,0.0,0.0
2023-07-28,Pull-out AM (6 AM-7 AM),GT-US,Friday,15.0,15.0,0.0,0.0,73,0.2054794520547945,0.2054794520547945,0.0,0.0
2023-07-28,Pull-out AM (6 AM-7 AM),NMS,Friday,15.0,15.0,0.0,0.0,73,0.2054794520547945,0.2054794520547945,0.0,0.0
2023-07-28,Pull-out AM (6 AM-7 AM),RS-DP,Friday,15.0,15.0,0.0,0.0,73,0.2054794520547945,0.2054794520547945,0.0,0.0
2023-07-28,Pull-out AM (6 AM-7 AM),WP-AM,Friday,15.0,15.0,0.0,0.0,73,0.2054794520547945,0.2054794520547945,0.0,0.0
2023-07-29,AM Service Delivery (7 AM-9 AM),CH-US,Saturday,22.0,2.0,0.0,0.0,73,0.0273972602739726,0.3013698630136986,0.0,0.0
2023-07-29,AM Service Delivery (7 AM-9 AM),EM-LP,Saturday,22.0,2.0,0.0,0.0,73,0.0273972602739726,0.3013698630136986,0.0,0.0
2023-07-29,AM Service Delivery (7 AM-9 AM),GT-US,Saturday,22.0,2.0,0.0,0.0,73,0.0273972602739726,0.3013698630136986,0.0,0.0
2023-07-29,AM Service Delivery (7 AM-9 AM),NMS,Saturday,22.0,2.0,0.0,0.0,73,0.0273972602739726,0.3013698630136986,0.0,0.0
2023-07-29,AM Service Delivery (7 AM-9 AM),RS-DP,Saturday,22.0,2.0,0.0,0.0,73,0.0273972602739726,0.3013698630136986,0.0,0.0
2023-07-29,AM Service Delivery (7 AM-9 AM),WP-AM,Saturday,22.0,2.0,0.0,0.0,73,0.0273972602739726,0.3013698630136986,0.0,0.0
2023-07-29,Night Service Delivery (9 PM onwards),CH-US,Saturday,20.0,18.0,0.0,0.0,73,0.2465753424657534,0.273972602739726,0.0,0.0
2023-07-29,Night Service Delivery (9 PM onwards),EM-LP,Saturday,20.0,18.0,0.0,0.0,73,0.2465753424657534,0.273972602739726,0.0,0.0
2023-07-29,Night Service Delivery (9 PM onwards),GT-US,Saturday,20.0,18.0,0.0,0.0,73,0.2465753424657534,0.273972602739726,0.0,0.0
2023-07-29,Night Service Delivery (9 PM onwards),NMS,Saturday,20.0,18.0,0.0,0.0,73,0.2465753424657534,0.273972602739726,0.0,0.0
2023-07-29,Night Service Delivery (9 PM onwards),RS-DP,Saturday,20.0,18.0,0.0,0.0,73,0.2465753424657534,0.273972602739726,0.0,0.0
2023-07-29,Night Service Delivery (9 PM onwards),WP-AM,Saturday,20.0,18.0,0.0,0.0,73,0.2465753424657534,0.273972602739726,0.0,0.0
2023-07-29,PM Service Delivery (3 PM-5 PM),CH-US,Saturday,22.0,1.0,0.0,0.0,73,0.0136986301369863,0.3013698630136986,0.0,0.0
2023-07-29,PM Service Delivery (3 PM-5 PM),EM-LP,Saturday,22.0,1.0,0.0,0.0,73,0.0136986301369863,0.3013698630136986,0.0,0.0
2023-07-29,PM Service Delivery (3 PM-5 PM),GT-US,Saturday,22.0,1.0,0.0,0.0,73,0.0136986301369863,0.3013698630136986,0.0,0.0
2023-07-29,PM Service Delivery (3 PM-5 PM),NMS,Saturday,22.0,1.0,0.0,0.0,73,0.0136986301369863,0.3013698630136986,0.0,0.0
2023-07-29,PM Service Delivery (3 PM-5 PM),RS-DP,Saturday,22.0,1.0,0.0,0.0,73,0.0136986301369863,0.3013698630136986,0.0,0.0
2023-07-29,PM Service Delivery (3 PM-5 PM),WP-AM,Saturday,22.0,1.0,0.0,0.0,73,0.0136986301369863,0.3013698630136986,0.0,0.0
2023-07-29,Pull-out AM (6 AM-7 AM),CH-US,Saturday,21.0,10.0,0.0,0.0,73,0.136986301369863,0.2876712328767123,0.0,0.0
2023-07-29,Pull-out AM (6 AM-7 AM),EM-LP,Saturday,21.0,10.0,0.0,0.0,73,0.136986301369863,0.2876712328767123,0.0,0.0
2023-07-29,Pull-out AM (6 AM-7 AM),GT-US,Saturday,21.0,10.0,0.0,0.0,73,0.136986301369863,0.2876712328767123,0.0,0.0
2023-07-29,Pull-out AM (6 AM-7 AM),NMS,Saturday,21.0,10.0,0.0,0.0,73,0.136986301369863,0.2876712328767123,0.0,0.0
2023-07-29,Pull-out AM (6 AM-7 AM),RS-DP,Saturday,21.0,10.0,0.0,0.0,73,0.136986301369863,0.2876712328767123,0.0,0.0
2023-07-29,Pull-out AM (6 AM-7 AM),WP-AM,Saturday,21.0,10.0,0.0,0.0,73,0.136986301369863,0.2876712328767123,0.0,0.0
2023-07-30,AM Service Delivery (7 AM-9 AM),CH-US,Sunday,23.0,9.0,0.0,0.0,73,0.1232876712328767,0.3150684931506849,0.0,0.0
2023-07-30,AM Service Delivery (7 AM-9 AM),EM-LP,Sunday,23.0,9.0,0.0,0.0,73,0.1232876712328767,0.3150684931506849,0.0,0.0
2023-07-30,AM Service Delivery (7 AM-9 AM),GT-US,Sunday,23.0,9.0,0.0,0.0,73,0.1232876712328767,0.3150684931506849,0.0,0.0
2023-07-30,AM Service Delivery (7 AM-9 AM),NMS,Sunday,23.0,9.0,0.0,0.0,73,0.1232876712328767,0.3150684931506849,0.0,0.0
2023-07-30,AM Service Delivery (7 AM-9 AM),RS-DP,Sunday,23.0,9.0,0.0,0.0,73,0.1232876712328767,0.3150684931506849,0.0,0.0
2023-07-30,AM Service Delivery (7 AM-9 AM),WP-AM,Sunday,23.0,9.0,0.0,0.0,73,0.1232876712328767,0.3150684931506849,0.0,0.0
2023-07-30,Night Service Delivery (9 PM onwards),CH-US,Sunday,20.0,13.0,0.0,0.0,73,0.1780821917808219,0.273972602739726,0.0,0.0
2023-07-30,Night Service Delivery (9 PM onwards),EM-LP,Sunday,20.0,13.0,0.0,0.0,73,0.1780821917808219,0.273972602739726,0.0,0.0
2023-07-30,Night Service Delivery (9 PM onwards),GT-US,Sunday,20.0,13.0,0.0,0.0,73,0.1780821917808219,0.273972602739726,0.0,0.0
2023-07-30,Night Service Delivery (9 PM onwards),NMS,Sunday,20.0,13.0,0.0,0.0,73,0.1780821917808219,0.273972602739726,0.0,0.0
2023-07-30,Night Service Delivery (9 PM onwards),RS-DP,Sunday,20.0,13.0,0.0,0.0,73,0.1780821917808219,0.273972602739726,0.0,0.0
2023-07-30,Night Service Delivery (9 PM onwards),WP-AM,Sunday,20.0,13.0,0.0,0.0,73,0.1780821917808219,0.273972602739726,0.0,0.0
2023-07-30,PM Service Delivery (3 PM-5 PM),CH-US,Sunday,23.0,4.0,0.0,0.0,73,0.0547945205479452,0.3150684931506849,0.0,0.0
2023-07-30,PM Service Delivery (3 PM-5 PM),EM-LP,Sunday,23.0,4.0,0.0,0.0,73,0.0547945205479452,0.3150684931506849,0.0,0.0
2023-07-30,PM Service Delivery (3 PM-5 PM),GT-US,Sunday,23.0,4.0,0.0,0.0,73,0.0547945205479452,0.3150684931506849,0.0,0.0
2023-07-30,PM Service Delivery (3 PM-5 PM),NMS,Sunday,23.0,4.0,0.0,0.0,73,0.0547945205479452,0.3150684931506849,0.0,0.0
2023-07-30,PM Service Delivery (3 PM-5 PM),RS-DP,Sunday,23.0,4.0,0.0,0.0,73,0.0547945205479452,0.3150684931506849,0.0,0.0
2023-07-30,PM Service Delivery (3 PM-5 PM),WP-AM,Sunday,23.0,4.0,0.0,0.0,73,0.0547945205479452,0.3150684931506849,0.0,0.0
2023-07-30,Pull-out AM (6 AM-7 AM),CH-US,Sunday,20.0,15.0,0.0,0.0,73,0.2054794520547945,0.273972602739726,0.0,0.0
2023-07-30,Pull-out AM (6 AM-7 AM),EM-LP,Sunday,20.0,15.0,0.0,0.0,73,0.2054794520547945,0.273972602739726,0.0,0.0
2023-07-30,Pull-out AM (6 AM-7 AM),GT-US,Sunday,20.0,15.0,0.0,0.0,73,0.2054794520547945,0.273972602739726,0.0,0.0
2023-07-30,Pull-out AM (6 AM-7 AM),NMS,Sunday,20.0,15.0,0.0,0.0,73,0.2054794520547945,0.273972602739726,0.0,0.0
2023-07-30,Pull-out AM (6 AM-7 AM),RS-DP,Sunday,20.0,15.0,0.0,0.0,73,0.2054794520547945,0.273972602739726,0.0,0.0
2023-07-30,Pull-out AM (6 AM-7 AM),WP-AM,Sunday,20.0,15.0,0.0,0.0,73,0.2054794520547945,0.273972602739726,0.0,0.0
2023-07-31,AM Service Delivery (7 AM-9 AM),CH-US,Monday-Thursday,20.0,6.0,1.0,0.0,73,0.0821917808219178,0.273972602739726,0.0136986301369863,0.0
2023-07-31,AM Service Delivery (7 AM-9 AM),EM-LP,Monday-Thursday,20.0,6.0,1.0,0.0,73,0.0821917808219178,0.273972602739726,0.0136986301369863,0.0
2023-07-31,AM Service Delivery (7 AM-9 AM),GT-US,Monday-Thursday,20.0,6.0,1.0,0.0,73,0.0821917808219178,0.273972602739726,0.0136986301369863,0.0
2023-07-31,AM Service Delivery (7 AM-9 AM),NMS,Monday-Thursday,20.0,6.0,1.0,0.0,73,0.0821917808219178,0.273972602739726,0.0136986301369863,0.0
2023-07-31,AM Service Delivery (7 AM-9 AM),RS-DP,Monday-Thursday,20.0,6.0,1.0,0.0,73,0.0821917808219178,0.273972602739726,0.0136986301369863,0.0
2023-07-31,AM Service Delivery (7 AM-9 AM),WP-AM,Monday-Thursday,20.0,6.0,1.0,0.0,73,0.0821917808219178,0.273972602739726,0.0136986301369863,0.0
2023-07-31,Night Service Delivery (9 PM onwards),CH-US,Monday-Thursday,22.0,7.0,0.0,0.0,73,0.0958904109589041,0.3013698630136986,0.0,0.0
2023-07-31,Night Service Delivery (9 PM onwards),EM-LP,Monday-Thursday,22.0,7.0,0.0,0.0,73,0.0958904109589041,0.3013698630136986,0.0,0.0
2023-07-31,Night Service Delivery (9 PM onwards),GT-US,Monday-Thursday,22.0,7.0,0.0,0.0,73,0.0958904109589041,0.3013698630136986,0.0,0.0
2023-07-31,Night Service Delivery (9 PM onwards),NMS,Monday-Thursday,22.0,7.0,0.0,0.0,73,0.0958904109589041,0.3013698630136986,0.0,0.0
2023-07-31,Night Service Delivery (9 PM onwards),RS-DP,Monday-Thursday,22.0,7.0,0.0,0.0,73,0.0958904109589041,0.3013698630136986,0.0,0.0
2023-07-31,Night Service Delivery (9 PM onwards),WP-AM,Monday-Thursday,22.0,7.0,0.0,0.0,73,0.0958904109589041,0.3013698630136986,0.0,0.0
2023-07-31,PM Service Delivery (3 PM-5 PM),CH-US,Monday-Thursday,21.0,0.0,1.0,0.0,73,0.0,0.2876712328767123,0.0136986301369863,0.0
2023-07-31,PM Service Delivery (3 PM-5 PM),EM-LP,Monday-Thursday,21.0,0.0,1.0,0.0,73,0.0,0.2876712328767123,0.0136986301369863,0.0
2023-07-31,PM Service Delivery (3 PM-5 PM),GT-US,Monday-Thursday,21.0,0.0,1.0,0.0,73,0.0,0.2876712328767123,0.0136986301369863,0.0
2023-07-31,PM Service Delivery (3 PM-5 PM),NMS,Monday-Thursday,21.0,0.0,1.0,0.0,73,0.0,0.2876712328767123,0.0136986301369863,0.0
2023-07-31,PM Service Delivery (3 PM-5 PM),RS-DP,Monday-Thursday,21.0,0.0,1.0,0.0,73,0.0,0.2876712328767123,0.0136986301369863,0.0
2023-07-31,PM Service Delivery (3 PM-5 PM),WP-AM,Monday-Thursday,21.0,0.0,1.0,0.0,73,0.0,0.2876712328767123,0.0136986301369863,0.0
2023-07-31,Pull-out AM (6 AM-7 AM),CH-US,Monday-Thursday,20.0,14.0,0.0,0.0,73,0.1917808219178082,0.273972602739726,0.0,0.0
2023-07-31,Pull-out AM (6 AM-7 AM),EM-LP,Monday-Thursday,20.0,14.0,0.0,0.0,73,0.1917808219178082,0.273972602739726,0.0,0.0
2023-07-31,Pull-out AM (6 AM-7 AM),GT-US,Monday-Thursday,20.0,14.0,0.0,0.0,73,0.1917808219178082,0.273972602739726,0.0,0.0
2023-07-31,Pull-out AM (6 AM-7 AM),NMS,Monday-Thursday,20.0,14.0,0.0,0.0,73,0.1917808219178082,0.273972602739726,0.0,0.0
2023-07-31,Pull-out AM (6 AM-7 AM),RS-DP,Monday-Thursday,20.0,14.0,0.0,0.0,73,0.1917808219178082,0.273972602739726,0.0,0.0
2023-07-31,Pull-out AM (6 AM-7 AM),WP-AM,Monday-Thursday,20.0,14.0,0.0,0.0,73,0.1917808219178082,0.273972602739726,0.0,0.0
2023-08-01,AM Service Delivery (7 AM-9 AM),CH-US,Monday-Thursday,21.0,6.0,1.0,0.0,73,0.0821917808219178,0.2876712328767123,0.0136986301369863,0.0
2023-08-01,AM Service Delivery (7 AM-9 AM),EM-LP,Monday-Thursday,21.0,6.0,1.0,0.0,73,0.0821917808219178,0.2876712328767123,0.0136986301369863,0.0
2023-08-01,AM Service Delivery (7 AM-9 AM),GT-US,Monday-Thursday,21.0,6.0,1.0,0.0,73,0.0821917808219178,0.2876712328767123,0.0136986301369863,0.0
2023-08-01,AM Service Delivery (7 AM-9 AM),NMS,Monday-Thursday,21.0,6.0,1.0,0.0,73,0.0821917808219178,0.2876712328767123,0.0136986301369863,0.0
2023-08-01,AM Service Delivery (7 AM-9 AM),RS-DP,Monday-Thursday,21.0,6.0,1.0,0.0,73,0.0821917808219178,0.2876712328767123,0.0136986301369863,0.0
2023-08-01,AM Service Delivery (7 AM-9 AM),WP-AM,Monday-Thursday,21.0,6.0,1.0,0.0,73,0.0821917808219178,0.2876712328767123,0.0136986301369863,0.0
2023-08-01,Night Service Delivery (9 PM onwards),CH-US,Monday-Thursday,21.0,7.0,0.0,0.0,73,0.0958904109589041,0.2876712328767123,0.0,0.0
2023-08-01,Night Service Delivery (9 PM onwards),EM-LP,Monday-Thursday,21.0,7.0,0.0,0.0,73,0.0958904109589041,0.2876712328767123,0.0,0.0
2023-08-01,Night Service Delivery (9 PM onwards),GT-US,Monday-Thursday,21.0,7.0,0.0,0.0,73,0.0958904109589041,0.2876712328767123,0.0,0.0
2023-08-01,Night Service Delivery (9 PM onwards),NMS,Monday-Thursday,21.0,7.0,0.0,0.0,73,0.0958904109589041,0.2876712328767123,0.0,0.0
2023-08-01,Night Service Delivery (9 PM onwards),RS-DP,Monday-Thursday,21.0,7.0,0.0,0.0,73,0.0958904109589041,0.2876712328767123,0.0,0.0
2023-08-01,Night Service Delivery (9 PM onwards),WP-AM,Monday-Thursday,21.0,7.0,0.0,0.0,73,0.0958904109589041,0.2876712328767123,0.0,0.0
2023-08-01,PM Service Delivery (3 PM-5 PM),CH-US,Monday-Thursday,23.0,0.0,0.0,0.0,73,0.0,0.3150684931506849,0.0,0.0
2023-08-01,PM Service Delivery (3 PM-5 PM),EM-LP,Monday-Thursday,23.0,0.0,0.0,0.0,73,0.0,0.3150684931506849,0.0,0.0
2023-08-01,PM Service Delivery (3 PM-5 PM),GT-US,Monday-Thursday,23.0,0.0,0.0,0.0,73,0.0,0.3150684931506849,0.0,0.0
2023-08-01,PM Service Delivery (3 PM-5 PM),NMS,Monday-Thursday,23.0,0.0,0.0,0.0,73,0.0,0.3150684931506849,0.0,0.0
2023-08-01,PM Service Delivery (3 PM-5 PM),RS-DP,Monday-Thursday,23.0,0.0,0.0,0.0,73,0.0,0.3150684931506849,0.0,0.0
2023-08-01,PM Service Delivery (3 PM-5 PM),WP-AM,Monday-Thursday,23.0,0.0,0.0,0.0,73,0.0,0.3150684931506849,0.0,0.0
2023-08-01,Pull-out AM (6 AM-7 AM),CH-US,Monday-Thursday,21.0,11.0,0.0,0.0,73,0.1506849315068493,0.2876712328767123,0.0,0.0
2023-08-01,Pull-out AM (6 AM-7 AM),EM-LP,Monday-Thursday,21.0,11.0,0.0,0.0,73,0.1506849315068493,0.2876712328767123,0.0,0.0
2023-08-01,Pull-out AM (6 AM-7 AM),GT-US,Monday-Thursday,21.0,11.0,0.0,0.0,73,0.1506849315068493,0.2876712328767123,0.0,0.0
2023-08-01,Pull-out AM (6 AM-7 AM),NMS,Monday-Thursday,21.0,11.0,0.0,0.0,73,0.1506849315068493,0.2876712328767123,0.0,0.0
2023-08-01,Pull-out AM (6 AM-7 AM),RS-DP,Monday-Thursday,21.0,11.0,0.0,0.0,73,0.1506849315068493,0.2876712328767123,0.0,0.0
2023-08-01,Pull-out AM (6 AM-7 AM),WP-AM,Monday-Thursday,21.0,11.0,0.0,0.0,73,0.1506849315068493,0.2876712328767123,0.0,0.0
2023-08-02,AM Service Delivery (7 AM-9 AM),CH-US,Monday-Thursday,22.0,2.0,1.0,0.0,73,0.0273972602739726,0.3013698630136986,0.0136986301369863,0.0
2023-08-02,AM Service Delivery (7 AM-9 AM),EM-LP,Monday-Thursday,22.0,2.0,1.0,0.0,73,0.0273972602739726,0.3013698630136986,0.0136986301369863,0.0
2023-08-02,AM Service Delivery (7 AM-9 AM),GT-US,Monday-Thursday,22.0,2.0,1.0,0.0,73,0.0273972602739726,0.3013698630136986,0.0136986301369863,0.0
2023-08-02,AM Service Delivery (7 AM-9 AM),NMS,Monday-Thursday,22.0,2.0,1.0,0.0,73,0.0273972602739726,0.3013698630136986,0.0136986301369863,0.0
2023-08-02,AM Service Delivery (7 AM-9 AM),RS-DP,Monday-Thursday,22.0,2.0,1.0,0.0,73,0.0273972602739726,0.3013698630136986,0.0136986301369863,0.0
2023-08-02,AM Service Delivery (7 AM-9 AM),WP-AM,Monday-Thursday,22.0,2.0,1.0,0.0,73,0.0273972602739726,0.3013698630136986,0.0136986301369863,0.0
2023-08-02,Night Service Delivery (9 PM onwards),CH-US,Monday-Thursday,18.0,0.0,0.0,0.0,73,0.0,0.2465753424657534,0.0,0.0
2023-08-02,Night Service Delivery (9 PM onwards),EM-LP,Monday-Thursday,18.0,0.0,0.0,0.0,73,0.0,0.2465753424657534,0.0,0.0
2023-08-02,Night Service Delivery (9 PM onwards),GT-US,Monday-Thursday,18.0,0.0,0.0,0.0,73,0.0,0.2465753424657534,0.0,0.0
2023-08-02,Night Service Delivery (9 PM onwards),NMS,Monday-Thursday,18.0,0.0,0.0,0.0,73,0.0,0.2465753424657534,0.0,0.0
2023-08-02,Night Service Delivery (9 PM onwards),RS-DP,Monday-Thursday,18.0,0.0,0.0,0.0,73,0.0,0.2465753424657534,0.0,0.0
2023-08-02,Night Service Delivery (9 PM onwards),WP-AM,Monday-Thursday,18.0,0.0,0.0,0.0,73,0.0,0.2465753424657534,0.0,0.0
2023-08-02,PM Service Delivery (3 PM-5 PM),CH-US,Monday-Thursday,17.0,8.0,0.0,0.0,73,0.1095890410958904,0.2328767123287671,0.0,0.0
2023-08-02,PM Service Delivery (3 PM-5 PM),EM-LP,Monday-Thursday,17.0,8.0,0.0,0.0,73,0.1095890410958904,0.2328767123287671,0.0,0.0
2023-08-02,PM Service Delivery (3 PM-5 PM),GT-US,Monday-Thursday,17.0,8.0,0.0,0.0,73,0.1095890410958904,0.2328767123287671,0.0,0.0
2023-08-02,PM Service Delivery (3 PM-5 PM),NMS,Monday-Thursday,17.0,8.0,0.0,0.0,73,0.1095890410958904,0.2328767123287671,0.0,0.0
2023-08-02,PM Service Delivery (3 PM-5 PM),RS-DP,Monday-Thursday,17.0,8.0,0.0,0.0,73,0.1095890410958904,0.2328767123287671,0.0,0.0
2023-08-02,PM Service Delivery (3 PM-5 PM),WP-AM,Monday-Thursday,17.0,8.0,0.0,0.0,73,0.1095890410958904,0.2328767123287671,0.0,0.0
2023-08-02,Pull-out AM (6 AM-7 AM),CH-US,Monday-Thursday,21.0,10.0,0.0,0.0,73,0.136986301369863,0.2876712328767123,0.0,0.0
2023-08-02,Pull-out AM (6 AM-7 AM),EM-LP,Monday-Thursday,21.0,10.0,0.0,0.0,73,0.136986301369863,0.2876712328767123,0.0,0.0
2023-08-02,Pull-out AM (6 AM-7 AM),GT-US,Monday-Thursday,21.0,10.0,0.0,0.0,73,0.136986301369863,0.2876712328767123,0.0,0.0
2023-08-02,Pull-out AM (6 AM-7 AM),NMS,Monday-Thursday,21.0,10.0,0.0,0.0,73,0.136986301369863,0.2876712328767123,0.0,0.0
2023-08-02,Pull-out AM (6 AM-7 AM),RS-DP,Monday-Thursday,21.0,10.0,0.0,0.0,73,0.136986301369863,0.2876712328767123,0.0,0.0
2023-08-02,Pull-out AM (6 AM-7 AM),WP-AM,Monday-Thursday,21.0,10.0,0.0,0.0,73,0.136986301369863,0.2876712328767123,0.0,0.0
2023-08-03,AM Service Delivery (7 AM-9 AM),CH-US,Monday-Thursday,19.0,2.0,1.0,0.0,73,0.0273972602739726,0.2602739726027397,0.0136986301369863,0.0
2023-08-03,AM Service Delivery (7 AM-9 AM),EM-LP,Monday-Thursday,19.0,2.0,1.0,0.0,73,0.0273972602739726,0.2602739726027397,0.0136986301369863,0.0
2023-08-03,AM Service Delivery (7 AM-9 AM),GT-US,Monday-Thursday,19.0,2.0,1.0,0.0,73,0.0273972602739726,0.2602739726027397,0.0136986301369863,0.0
2023-08-03,AM Service Delivery (7 AM-9 AM),NMS,Monday-Thursday,19.0,2.0,1.0,0.0,73,0.0273972602739726,0.2602739726027397,0.0136986301369863,0.0
2023-08-03,AM Service Delivery (7 AM-9 AM),RS-DP,Monday-Thursday,19.0,2.0,1.0,0.0,73,0.0273972602739726,0.2602739726027397,0.0136986301369863,0.0
2023-08-03,AM Service Delivery (7 AM-9 AM),WP-AM,Monday-Thursday,19.0,2.0,1.0,0.0,73,0.0273972602739726,0.2602739726027397,0.0136986301369863,0.0
2023-08-03,Night Service Delivery (9 PM onwards),CH-US,Monday-Thursday,19.0,4.0,0.0,0.0,73,0.0547945205479452,0.2602739726027397,0.0,0.0
2023-08-03,Night Service Delivery (9 PM onwards),EM-LP,Monday-Thursday,19.0,4.0,0.0,0.0,73,0.0547945205479452,0.2602739726027397,0.0,0.0
2023-08-03,Night Service Delivery (9 PM onwards),GT-US,Monday-Thursday,19.0,4.0,0.0,0.0,73,0.0547945205479452,0.2602739726027397,0.0,0.0
2023-08-03,Night Service Delivery (9 PM onwards),NMS,Monday-Thursday,19.0,4.0,0.0,0.0,73,0.0547945205479452,0.2602739726027397,0.0,0.0
2023-08-03,Night Service Delivery (9 PM onwards),RS-DP,Monday-Thursday,19.0,4.0,0.0,0.0,73,0.0547945205479452,0.2602739726027397,0.0,0.0
2023-08-03,Night Service Delivery (9 PM onwards),WP-AM,Monday-Thursday,19.0,4.0,0.0,0.0,73,0.0547945205479452,0.2602739726027397,0.0,0.0
2023-08-03,PM Service Delivery (3 PM-5 PM),CH-US,Monday-Thursday,21.0,0.0,0.0,0.0,73,0.0,0.2876712328767123,0.0,0.0
2023-08-03,PM Service Delivery (3 PM-5 PM),EM-LP,Monday-Thursday,21.0,0.0,0.0,0.0,73,0.0,0.2876712328767123,0.0,0.0
2023-08-03,PM Service Delivery (3 PM-5 PM),GT-US,Monday-Thursday,21.0,0.0,0.0,0.0,73,0.0,0.2876712328767123,0.0,0.0
2023-08-03,PM Service Delivery (3 PM-5 PM),NMS,Monday-Thursday,21.0,0.0,0.0,0.0,73,0.0,0.2876712328767123,0.0,0.0
2023-08-03,PM Service Delivery (3 PM-5 PM),RS-DP,Monday-Thursday,21.0,0.0,0.0,0.0,73,0.0,0.2876712328767123,0.0,0.0
2023-08-03,PM Service Delivery (3 PM-5 PM),WP-AM,Monday-Thursday,21.0,0.0,0.0,0.0,73,0.0,0.2876712328767123,0.0,0.0
2023-08-03,Pull-out AM (6 AM-7 AM),CH-US,Monday-Thursday,19.0,11.0,0.0,0.0,73,0.1506849315068493,0.2602739726027397,0.0,0.0
2023-08-03,Pull-out AM (6 AM-7 AM),EM-LP,Monday-Thursday,19.0,11.0,0.0,0.0,73,0.1506849315068493,0.2602739726027397,0.0,0.0
2023-08-03,Pull-out AM (6 AM-7 AM),GT-US,Monday-Thursday,19.0,11.0,0.0,0.0,73,0.1506849315068493,0.2602739726027397,0.0,0.0
2023-08-03,Pull-out AM (6 AM-7 AM),NMS,Monday-Thursday,19.0,11.0,0.0,0.0,73,0.1506849315068493,0.2602739726027397,0.0,0.0
2023-08-03,Pull-out AM (6 AM-7 AM),RS-DP,Monday-Thursday,19.0,11.0,0.0,0.0,73,0.1506849315068493,0.2602739726027397,0.0,0.0
2023-08-03,Pull-out AM (6 AM-7 AM),WP-AM,Monday-Thursday,19.0,11.0,0.0,0.0,73,0.1506849315068493,0.2602739726027397,0.0,0.0
2023-08-07,PM Service Delivery (3 PM-5 PM),CH-US,Monday-Thursday,27.0,0.0,0.0,0.0,73,0.0,0.3698630136986301,0.0,0.0
2023-08-07,PM Service Delivery (3 PM-5 PM),EM-LP,Monday-Thursday,27.0,0.0,0.0,0.0,73,0.0,0.3698630136986301,0.0,0.0
2023-08-07,PM Service Delivery (3 PM-5 PM),GT-US,Monday-Thursday,27.0,0.0,0.0,0.0,73,0.0,0.3698630136986301,0.0,0.0
2023-08-07,PM Service Delivery (3 PM-5 PM),NMS,Monday-Thursday,27.0,0.0,0.0,0.0,73,0.0,0.3698630136986301,0.0,0.0
2023-08-07,PM Service Delivery (3 PM-5 PM),RS-DP,Monday-Thursday,27.0,0.0,0.0,0.0,73,0.0,0.3698630136986301,0.0,0.0
2023-08-07,PM Service Delivery (3 PM-5 PM),WP-AM,Monday-Thursday,27.0,0.0,0.0,0.0,73,0.0,0.3698630136986301,0.0,0.0
2023-08-07,Pull-out AM (6 AM-7 AM),CH-US,Monday-Thursday,27.0,0.0,0.0,0.0,73,0.0,0.3698630136986301,0.0,0.0
2023-08-07,Pull-out AM (6 AM-7 AM),EM-LP,Monday-Thursday,27.0,0.0,0.0,0.0,73,0.0,0.3698630136986301,0.0,0.0
2023-08-07,Pull-out AM (6 AM-7 AM),GT-US,Monday-Thursday,27.0,0.0,0.0,0.0,73,0.0,0.3698630136986301,0.0,0.0
2023-08-07,Pull-out AM (6 AM-7 AM),NMS,Monday-Thursday,27.0,0.0,0.0,0.0,73,0.0,0.3698630136986301,0.0,0.0
2023-08-07,Pull-out AM (6 AM-7 AM),RS-DP,Monday-Thursday,27.0,0.0,0.0,0.0,73,0.0,0.3698630136986301,0.0,0.0
2023-08-07,Pull-out AM (6 AM-7 AM),WP-AM,Monday-Thursday,27.0,0.0,0.0,0.0,73,0.0,0.3698630136986301,0.0,0.0
2023-08-08,Night Service Delivery (9 PM onwards),CH-US,Monday-Thursday,23.0,9.0,0.0,0.0,73,0.1232876712328767,0.3150684931506849,0.0,0.0
2023-08-08,Night Service Delivery (9 PM onwards),EM-LP,Monday-Thursday,23.0,9.0,0.0,0.0,73,0.1232876712328767,0.3150684931506849,0.0,0.0
2023-08-08,Night Service Delivery (9 PM onwards),GT-US,Monday-Thursday,23.0,9.0,0.0,0.0,73,0.1232876712328767,0.3150684931506849,0.0,0.0
2023-08-08,Night Service Delivery (9 PM onwards),NMS,Monday-Thursday,23.0,9.0,0.0,0.0,73,0.1232876712328767,0.3150684931506849,0.0,0.0
2023-08-08,Night Service Delivery (9 PM onwards),RS-DP,Monday-Thursday,23.0,9.0,0.0,0.0,73,0.1232876712328767,0.3150684931506849,0.0,0.0
2023-08-08,Night Service Delivery (9 PM onwards),WP-AM,Monday-Thursday,23.0,9.0,0.0,0.0,73,0.1232876712328767,0.3150684931506849,0.0,0.0
2023-08-08,Pull-out AM (6 AM-7 AM),CH-US,Monday-Thursday,23.0,9.0,1.0,0.0,73,0.1232876712328767,0.3150684931506849,0.0136986301369863,0.0
2023-08-08,Pull-out AM (6 AM-7 AM),EM-LP,Monday-Thursday,23.0,9.0,1.0,0.0,73,0.1232876712328767,0.3150684931506849,0.0136986301369863,0.0
2023-08-08,Pull-out AM (6 AM-7 AM),GT-US,Monday-Thursday,23.0,9.0,1.0,0.0,73,0.1232876712328767,0.3150684931506849,0.0136986301369863,0.0
2023-08-08,Pull-out AM (6 AM-7 AM),NMS,Monday-Thursday,23.0,9.0,1.0,0.0,73,0.1232876712328767,0.3150684931506849,0.0136986301369863,0.0
2023-08-08,Pull-out AM (6 AM-7 AM),RS-DP,Monday-Thursday,23.0,9.0,1.0,0.0,73,0.1232876712328767,0.3150684931506849,0.0136986301369863,0.0
2023-08-08,Pull-out AM (6 AM-7 AM),WP-AM,Monday-Thursday,23.0,9.0,1.0,0.0,73,0.1232876712328767,0.3150684931506849,0.0136986301369863,0.0
2023-08-09,AM Service Delivery (7 AM-9 AM),CH-US,Monday-Thursday,25.0,2.0,1.0,0.0,73,0.0273972602739726,0.3424657534246575,0.0136986301369863,0.0
2023-08-09,AM Service Delivery (7 AM-9 AM),EM-LP,Monday-Thursday,25.0,2.0,1.0,0.0,73,0.0273972602739726,0.3424657534246575,0.0136986301369863,0.0
2023-08-09,AM Service Delivery (7 AM-9 AM),GT-US,Monday-Thursday,25.0,2.0,1.0,0.0,73,0.0273972602739726,0.3424657534246575,0.0136986301369863,0.0
2023-08-09,AM Service Delivery (7 AM-9 AM),NMS,Monday-Thursday,25.0,2.0,1.0,0.0,73,0.0273972602739726,0.3424657534246575,0.0136986301369863,0.0
2023-08-09,AM Service Delivery (7 AM-9 AM),RS-DP,Monday-Thursday,25.0,2.0,1.0,0.0,73,0.0273972602739726,0.3424657534246575,0.0136986301369863,0.0
2023-08-09,AM Service Delivery (7 AM-9 AM),WP-AM,Monday-Thursday,25.0,2.0,1.0,0.0,73,0.0273972602739726,0.3424657534246575,0.0136986301369863,0.0
2023-08-09,Night Service Delivery (9 PM onwards),CH-US,Monday-Thursday,25.0,7.0,0.0,0.0,73,0.0958904109589041,0.3424657534246575,0.0,0.0
2023-08-09,Night Service Delivery (9 PM onwards),EM-LP,Monday-Thursday,25.0,7.0,0.0,0.0,73,0.0958904109589041,0.3424657534246575,0.0,0.0
2023-08-09,Night Service Delivery (9 PM onwards),GT-US,Monday-Thursday,25.0,7.0,0.0,0.0,73,0.0958904109589041,0.3424657534246575,0.0,0.0
2023-08-09,Night Service Delivery (9 PM onwards),NMS,Monday-Thursday,25.0,7.0,0.0,0.0,73,0.0958904109589041,0.3424657534246575,0.0,0.0
2023-08-09,Night Service Delivery (9 PM onwards),RS-DP,Monday-Thursday,25.0,7.0,0.0,0.0,73,0.0958904109589041,0.3424657534246575,0.0,0.0
2023-08-09,Night Service Delivery (9 PM onwards),WP-AM,Monday-Thursday,25.0,7.0,0.0,0.0,73,0.0958904109589041,0.3424657534246575,0.0,0.0
2023-08-09,Operations Report,CH-US,Monday-Thursday,21.0,1.0,1.0,5.0,73,0.0136986301369863,0.2876712328767123,0.0136986301369863,0.0684931506849315
2023-08-09,Operations Report,EM-LP,Monday-Thursday,21.0,1.0,1.0,5.0,73,0.0136986301369863,0.2876712328767123,0.0136986301369863,0.0684931506849315
2023-08-09,Operations Report,GT-US,Monday-Thursday,21.0,1.0,1.0,5.0,73,0.0136986301369863,0.2876712328767123,0.0136986301369863,0.0684931506849315
2023-08-09,Operations Report,NMS,Monday-Thursday,21.0,1.0,1.0,5.0,73,0.0136986301369863,0.2876712328767123,0.0136986301369863,0.0684931506849315
2023-08-09,Operations Report,RS-DP,Monday-Thursday,21.0,1.0,1.0,5.0,73,0.0136986301369863,0.2876712328767123,0.0136986301369863,0.0684931506849315
2023-08-09,Operations Report,WP-AM,Monday-Thursday,21.0,1.0,1.0,5.0,73,0.0136986301369863,0.2876712328767123,0.0136986301369863,0.0684931506849315
2023-08-09,PM Service Delivery (3 PM-5 PM),CH-US,Monday-Thursday,25.0,0.0,-1.0,0.0,73,0.0,0.3424657534246575,-0.0136986301369863,0.0
2023-08-09,PM Service Delivery (3 PM-5 PM),EM-LP,Monday-Thursday,25.0,0.0,-1.0,0.0,73,0.0,0.3424657534246575,-0.0136986301369863,0.0
2023-08-09,PM Service Delivery (3 PM-5 PM),GT-US,Monday-Thursday,25.0,0.0,-1.0,0.0,73,0.0,0.3424657534246575,-0.0136986301369863,0.0
2023-08-09,PM Service Delivery (3 PM-5 PM),NMS,Monday-Thursday,25.0,0.0,-1.0,0.0,73,0.0,0.3424657534246575,-0.0136986301369863,0.0
2023-08-09,PM Service Delivery (3 PM-5 PM),RS-DP,Monday-Thursday,25.0,0.0,-1.0,0.0,73,0.0,0.3424657534246575,-0.0136986301369863,0.0
2023-08-09,PM Service Delivery (3 PM-5 PM),WP-AM,Monday-Thursday,25.0,0.0,-1.0,0.0,73,0.0,0.3424657534246575,-0.0136986301369863,0.0
2023-08-09,Pull-out AM (6 AM-7 AM),CH-US,Monday-Thursday,20.0,14.0,0.0,0.0,73,0.1917808219178082,0.273972602739726,0.0,0.0
2023-08-09,Pull-out AM (6 AM-7 AM),EM-LP,Monday-Thursday,20.0,14.0,0.0,0.0,73,0.1917808219178082,0.273972602739726,0.0,0.0
2023-08-09,Pull-out AM (6 AM-7 AM),GT-US,Monday-Thursday,20.0,14.0,0.0,0.0,73,0.1917808219178082,0.273972602739726,0.0,0.0
2023-08-09,Pull-out AM (6 AM-7 AM),NMS,Monday-Thursday,20.0,14.0,0.0,0.0,73,0.1917808219178082,0.273972602739726,0.0,0.0
2023-08-09,Pull-out AM (6 AM-7 AM),RS-DP,Monday-Thursday,20.0,14.0,0.0,0.0,73,0.1917808219178082,0.273972602739726,0.0,0.0
2023-08-09,Pull-out AM (6 AM-7 AM),WP-AM,Monday-Thursday,20.0,14.0,0.0,0.0,73,0.1917808219178082,0.273972602739726,0.0,0.0
2023-08-10,AM Service Delivery (7 AM-9 AM),CH-US,Monday-Thursday,21.0,0.0,1.0,0.0,73,0.0,0.2876712328767123,0.0136986301369863,0.0
2023-08-10,AM Service Delivery (7 AM-9 AM),EM-LP,Monday-Thursday,21.0,0.0,1.0,0.0,73,0.0,0.2876712328767123,0.0136986301369863,0.0
2023-08-10,AM Service Delivery (7 AM-9 AM),GT-US,Monday-Thursday,21.0,0.0,1.0,0.0,73,0.0,0.2876712328767123,0.0136986301369863,0.0
2023-08-10,AM Service Delivery (7 AM-9 AM),NMS,Monday-Thursday,21.0,0.0,1.0,0.0,73,0.0,0.2876712328767123,0.0136986301369863,0.0
2023-08-10,AM Service Delivery (7 AM-9 AM),RS-DP,Monday-Thursday,21.0,0.0,1.0,0.0,73,0.0,0.2876712328767123,0.0136986301369863,0.0
2023-08-10,AM Service Delivery (7 AM-9 AM),WP-AM,Monday-Thursday,21.0,0.0,1.0,0.0,73,0.0,0.2876712328767123,0.0136986301369863,0.0
2023-08-10,Operations Report,CH-US,Monday-Thursday,1.0,1.0,1.0,1.0,73,0.0136986301369863,0.0136986301369863,0.0136986301369863,0.0136986301369863
2023-08-10,Operations Report,EM-LP,Monday-Thursday,1.0,1.0,1.0,1.0,73,0.0136986301369863,0.0136986301369863,0.0136986301369863,0.0136986301369863
2023-08-10,Operations Report,GT-US,Monday-Thursday,1.0,1.0,1.0,1.0,73,0.0136986301369863,0.0136986301369863,0.0136986301369863,0.0136986301369863
2023-08-10,Operations Report,NMS,Monday-Thursday,1.0,1.0,1.0,1.0,73,0.0136986301369863,0.0136986301369863,0.0136986301369863,0.0136986301369863
2023-08-10,Operations Report,RS-DP,Monday-Thursday,1.0,1.0,1.0,1.0,73,0.0136986301369863,0.0136986301369863,0.0136986301369863,0.0136986301369863
2023-08-10,Operations Report,WP-AM,Monday-Thursday,1.0,1.0,1.0,1.0,73,0.0136986301369863,0.0136986301369863,0.0136986301369863,0.0136986301369863
2023-08-10,PM Service Delivery (3 PM-5 PM),CH-US,Monday-Thursday,25.0,2.0,0.0,0.0,73,0.0273972602739726,0.3424657534246575,0.0,0.0
2023-08-10,PM Service Delivery (3 PM-5 PM),EM-LP,Monday-Thursday,25.0,2.0,0.0,0.0,73,0.0273972602739726,0.3424657534246575,0.0,0.0
2023-08-10,PM Service Delivery (3 PM-5 PM),GT-US,Monday-Thursday,25.0,2.0,0.0,0.0,73,0.0273972602739726,0.3424657534246575,0.0,0.0
2023-08-10,PM Service Delivery (3 PM-5 PM),NMS,Monday-Thursday,25.0,2.0,0.0,0.0,73,0.0273972602739726,0.3424657534246575,0.0,0.0
2023-08-10,PM Service Delivery (3 PM-5 PM),RS-DP,Monday-Thursday,25.0,2.0,0.0,0.0,73,0.0273972602739726,0.3424657534246575,0.0,0.0
2023-08-10,PM Service Delivery (3 PM-5 PM),WP-AM,Monday-Thursday,25.0,2.0,0.0,0.0,73,0.0273972602739726,0.3424657534246575,0.0,0.0
2023-08-10,Pull-out AM (6 AM-7 AM),CH-US,Monday-Thursday,3.0,12.0,0.0,0.0,73,0.1643835616438356,0.0410958904109589,0.0,0.0
2023-08-10,Pull-out AM (6 AM-7 AM),EM-LP,Monday-Thursday,3.0,12.0,0.0,0.0,73,0.1643835616438356,0.0410958904109589,0.0,0.0
2023-08-10,Pull-out AM (6 AM-7 AM),GT-US,Monday-Thursday,3.0,12.0,0.0,0.0,73,0.1643835616438356,0.0410958904109589,0.0,0.0
2023-08-10,Pull-out AM (6 AM-7 AM),NMS,Monday-Thursday,3.0,12.0,0.0,0.0,73,0.1643835616438356,0.0410958904109589,0.0,0.0
2023-08-10,Pull-out AM (6 AM-7 AM),RS-DP,Monday-Thursday,3.0,12.0,0.0,0.0,73,0.1643835616438356,0.0410958904109589,0.0,0.0
2023-08-10,Pull-out AM (6 AM-7 AM),WP-AM,Monday-Thursday,3.0,12.0,0.0,0.0,73,0.1643835616438356,0.0410958904109589,0.0,0.0
2023-08-11,AM Service Delivery (7 AM-9 AM),CH-US,Friday,24.0,0.0,0.0,0.0,73,0.0,0.3287671232876712,0.0,0.0
2023-08-11,AM Service Delivery (7 AM-9 AM),EM-LP,Friday,24.0,0.0,0.0,0.0,73,0.0,0.3287671232876712,0.0,0.0
2023-08-11,AM Service Delivery (7 AM-9 AM),GT-US,Friday,24.0,0.0,0.0,0.0,73,0.0,0.3287671232876712,0.0,0.0
2023-08-11,AM Service Delivery (7 AM-9 AM),NMS,Friday,24.0,0.0,0.0,0.0,73,0.0,0.3287671232876712,0.0,0.0
2023-08-11,AM Service Delivery (7 AM-9 AM),RS-DP,Friday,24.0,0.0,0.0,0.0,73,0.0,0.3287671232876712,0.0,0.0
2023-08-11,AM Service Delivery (7 AM-9 AM),WP-AM,Friday,24.0,0.0,0.0,0.0,73,0.0,0.3287671232876712,0.0,0.0
2023-08-11,Night Service Delivery (9 PM onwards),CH-US,Friday,18.0,10.0,0.0,0.0,73,0.136986301369863,0.2465753424657534,0.0,0.0
2023-08-11,Night Service Delivery (9 PM onwards),EM-LP,Friday,18.0,10.0,0.0,0.0,73,0.136986301369863,0.2465753424657534,0.0,0.0
2023-08-11,Night Service Delivery (9 PM onwards),GT-US,Friday,18.0,10.0,0.0,0.0,73,0.136986301369863,0.2465753424657534,0.0,0.0
2023-08-11,Night Service Delivery (9 PM onwards),NMS,Friday,18.0,10.0,0.0,0.0,73,0.136986301369863,0.2465753424657534,0.0,0.0
2023-08-11,Night Service Delivery (9 PM onwards),RS-DP,Friday,18.0,10.0,0.0,0.0,73,0.136986301369863,0.2465753424657534,0.0,0.0
2023-08-11,Night Service Delivery (9 PM onwards),WP-AM,Friday,18.0,10.0,0.0,0.0,73,0.136986301369863,0.2465753424657534,0.0,0.0
2023-08-11,Operations Report,CH-US,Friday,19.0,9.0,0.0,0.0,73,0.1232876712328767,0.2602739726027397,0.0,0.0
2023-08-11,Operations Report,EM-LP,Friday,19.0,9.0,0.0,0.0,73,0.1232876712328767,0.2602739726027397,0.0,0.0
2023-08-11,Operations Report,GT-US,Friday,19.0,9.0,0.0,0.0,73,0.1232876712328767,0.2602739726027397,0.0,0.0
2023-08-11,Operations Report,NMS,Friday,19.0,9.0,0.0,0.0,73,0.1232876712328767,0.2602739726027397,0.0,0.0
2023-08-11,Operations Report,RS-DP,Friday,19.0,9.0,0.0,0.0,73,0.1232876712328767,0.2602739726027397,0.0,0.0
2023-08-11,Operations Report,WP-AM,Friday,19.0,9.0,0.0,0.0,73,0.1232876712328767,0.2602739726027397,0.0,0.0
2023-08-11,PM Service Delivery (3 PM-5 PM),CH-US,Friday,19.0,1.0,0.0,0.0,73,0.0136986301369863,0.2602739726027397,0.0,0.0
2023-08-11,PM Service Delivery (3 PM-5 PM),EM-LP,Friday,19.0,1.0,0.0,0.0,73,0.0136986301369863,0.2602739726027397,0.0,0.0
2023-08-11,PM Service Delivery (3 PM-5 PM),GT-US,Friday,19.0,1.0,0.0,0.0,73,0.0136986301369863,0.2602739726027397,0.0,0.0
2023-08-11,PM Service Delivery (3 PM-5 PM),NMS,Friday,19.0,1.0,0.0,0.0,73,0.0136986301369863,0.2602739726027397,0.0,0.0
2023-08-11,PM Service Delivery (3 PM-5 PM),RS-DP,Friday,19.0,1.0,0.0,0.0,73,0.0136986301369863,0.2602739726027397,0.0,0.0
2023-08-11,PM Service Delivery (3 PM-5 PM),WP-AM,Friday,19.0,1.0,0.0,0.0,73,0.0136986301369863,0.2602739726027397,0.0,0.0
2023-08-11,Pull-out AM (6 AM-7 AM),CH-US,Friday,20.0,14.0,0.0,0.0,73,0.1917808219178082,0.273972602739726,0.0,0.0
2023-08-11,Pull-out AM (6 AM-7 AM),EM-LP,Friday,20.0,14.0,0.0,0.0,73,0.1917808219178082,0.273972602739726,0.0,0.0
2023-08-11,Pull-out AM (6 AM-7 AM),GT-US,Friday,20.0,14.0,0.0,0.0,73,0.1917808219178082,0.273972602739726,0.0,0.0
2023-08-11,Pull-out AM (6 AM-7 AM),NMS,Friday,20.0,14.0,0.0,0.0,73,0.1917808219178082,0.273972602739726,0.0,0.0
2023-08-11,Pull-out AM (6 AM-7 AM),RS-DP,Friday,20.0,14.0,0.0,0.0,73,0.1917808219178082,0.273972602739726,0.0,0.0
2023-08-11,Pull-out AM (6 AM-7 AM),WP-AM,Friday,20.0,14.0,0.0,0.0,73,0.1917808219178082,0.273972602739726,0.0,0.0
2023-08-12,AM Service Delivery (7 AM-9 AM),CH-US,Saturday,19.0,4.0,1.0,0.0,73,0.0547945205479452,0.2602739726027397,0.0136986301369863,0.0
2023-08-12,AM Service Delivery (7 AM-9 AM),EM-LP,Saturday,19.0,4.0,1.0,0.0,73,0.0547945205479452,0.2602739726027397,0.0136986301369863,0.0
2023-08-12,AM Service Delivery (7 AM-9 AM),GT-US,Saturday,19.0,4.0,1.0,0.0,73,0.0547945205479452,0.2602739726027397,0.0136986301369863,0.0
2023-08-12,AM Service Delivery (7 AM-9 AM),NMS,Saturday,19.0,4.0,1.0,0.0,73,0.0547945205479452,0.2602739726027397,0.0136986301369863,0.0
2023-08-12,AM Service Delivery (7 AM-9 AM),RS-DP,Saturday,19.0,4.0,1.0,0.0,73,0.0547945205479452,0.2602739726027397,0.0136986301369863,0.0
2023-08-12,AM Service Delivery (7 AM-9 AM),WP-AM,Saturday,19.0,4.0,1.0,0.0,73,0.0547945205479452,0.2602739726027397,0.0136986301369863,0.0
2023-08-12,Night Service Delivery (9 PM onwards),CH-US,Saturday,21.0,5.0,0.0,0.0,73,0.0684931506849315,0.2876712328767123,0.0,0.0
2023-08-12,Night Service Delivery (9 PM onwards),EM-LP,Saturday,21.0,5.0,0.0,0.0,73,0.0684931506849315,0.2876712328767123,0.0,0.0
2023-08-12,Night Service Delivery (9 PM onwards),GT-US,Saturday,21.0,5.0,0.0,0.0,73,0.0684931506849315,0.2876712328767123,0.0,0.0
2023-08-12,Night Service Delivery (9 PM onwards),NMS,Saturday,21.0,5.0,0.0,0.0,73,0.0684931506849315,0.2876712328767123,0.0,0.0
2023-08-12,Night Service Delivery (9 PM onwards),RS-DP,Saturday,21.0,5.0,0.0,0.0,73,0.0684931506849315,0.2876712328767123,0.0,0.0
2023-08-12,Night Service Delivery (9 PM onwards),WP-AM,Saturday,21.0,5.0,0.0,0.0,73,0.0684931506849315,0.2876712328767123,0.0,0.0
2023-08-12,Operations Report,CH-US,Saturday,18.0,2.0,0.0,9.0,73,0.0273972602739726,0.2465753424657534,0.0,0.1232876712328767
2023-08-12,Operations Report,EM-LP,Saturday,18.0,2.0,0.0,9.0,73,0.0273972602739726,0.2465753424657534,0.0,0.1232876712328767
2023-08-12,Operations Report,GT-US,Saturday,18.0,2.0,0.0,9.0,73,0.0273972602739726,0.2465753424657534,0.0,0.1232876712328767
2023-08-12,Operations Report,NMS,Saturday,18.0,2.0,0.0,9.0,73,0.0273972602739726,0.2465753424657534,0.0,0.1232876712328767
2023-08-12,Operations Report,RS-DP,Saturday,18.0,2.0,0.0,9.0,73,0.0273972602739726,0.2465753424657534,0.0,0.1232876712328767
2023-08-12,Operations Report,WP-AM,Saturday,18.0,2.0,0.0,9.0,73,0.0273972602739726,0.2465753424657534,0.0,0.1232876712328767
2023-08-12,PM Service Delivery (3 PM-5 PM),CH-US,Saturday,21.0,0.0,0.0,0.0,73,0.0,0.2876712328767123,0.0,0.0
2023-08-12,PM Service Delivery (3 PM-5 PM),EM-LP,Saturday,21.0,0.0,0.0,0.0,73,0.0,0.2876712328767123,0.0,0.0
2023-08-12,PM Service Delivery (3 PM-5 PM),GT-US,Saturday,21.0,0.0,0.0,0.0,73,0.0,0.2876712328767123,0.0,0.0
2023-08-12,PM Service Delivery (3 PM-5 PM),NMS,Saturday,21.0,0.0,0.0,0.0,73,0.0,0.2876712328767123,0.0,0.0
2023-08-12,PM Service Delivery (3 PM-5 PM),RS-DP,Saturday,21.0,0.0,0.0,0.0,73,0.0,0.2876712328767123,0.0,0.0
2023-08-12,PM Service Delivery (3 PM-5 PM),WP-AM,Saturday,21.0,0.0,0.0,0.0,73,0.0,0.2876712328767123,0.0,0.0
2023-08-12,Pull-out AM (6 AM-7 AM),CH-US,Saturday,22.0,6.0,0.0,0.0,73,0.0821917808219178,0.3013698630136986,0.0,0.0
2023-08-12,Pull-out AM (6 AM-7 AM),EM-LP,Saturday,22.0,6.0,0.0,0.0,73,0.0821917808219178,0.3013698630136986,0.0,0.0
2023-08-12,Pull-out AM (6 AM-7 AM),GT-US,Saturday,22.0,6.0,0.0,0.0,73,0.0821917808219178,0.3013698630136986,0.0,0.0
2023-08-12,Pull-out AM (6 AM-7 AM),NMS,Saturday,22.0,6.0,0.0,0.0,73,0.0821917808219178,0.3013698630136986,0.0,0.0
2023-08-12,Pull-out AM (6 AM-7 AM),RS-DP,Saturday,22.0,6.0,0.0,0.0,73,0.0821917808219178,0.3013698630136986,0.0,0.0
2023-08-12,Pull-out AM (6 AM-7 AM),WP-AM,Saturday,22.0,6.0,0.0,0.0,73,0.0821917808219178,0.3013698630136986,0.0,0.0
2023-08-13,AM Service Delivery (7 AM-9 AM),CH-US,Sunday,23.0,8.0,0.0,0.0,73,0.1095890410958904,0.3150684931506849,0.0,0.0
2023-08-13,AM Service Delivery (7 AM-9 AM),EM-LP,Sunday,23.0,8.0,0.0,0.0,73,0.1095890410958904,0.3150684931506849,0.0,0.0
2023-08-13,AM Service Delivery (7 AM-9 AM),GT-US,Sunday,23.0,8.0,0.0,0.0,73,0.1095890410958904,0.3150684931506849,0.0,0.0
2023-08-13,AM Service Delivery (7 AM-9 AM),NMS,Sunday,23.0,8.0,0.0,0.0,73,0.1095890410958904,0.3150684931506849,0.0,0.0
2023-08-13,AM Service Delivery (7 AM-9 AM),RS-DP,Sunday,23.0,8.0,0.0,0.0,73,0.1095890410958904,0.3150684931506849,0.0,0.0
2023-08-13,AM Service Delivery (7 AM-9 AM),WP-AM,Sunday,23.0,8.0,0.0,0.0,73,0.1095890410958904,0.3150684931506849,0.0,0.0
2023-08-13,Night Service Delivery (9 PM onwards),CH-US,Sunday,21.0,2.0,0.0,0.0,73,0.0273972602739726,0.2876712328767123,0.0,0.0
2023-08-13,Night Service Delivery (9 PM onwards),EM-LP,Sunday,21.0,2.0,0.0,0.0,73,0.0273972602739726,0.2876712328767123,0.0,0.0
2023-08-13,Night Service Delivery (9 PM onwards),GT-US,Sunday,21.0,2.0,0.0,0.0,73,0.0273972602739726,0.2876712328767123,0.0,0.0
2023-08-13,Night Service Delivery (9 PM onwards),NMS,Sunday,21.0,2.0,0.0,0.0,73,0.0273972602739726,0.2876712328767123,0.0,0.0
2023-08-13,Night Service Delivery (9 PM onwards),RS-DP,Sunday,21.0,2.0,0.0,0.0,73,0.0273972602739726,0.2876712328767123,0.0,0.0
2023-08-13,Night Service Delivery (9 PM onwards),WP-AM,Sunday,21.0,2.0,0.0,0.0,73,0.0273972602739726,0.2876712328767123,0.0,0.0
2023-08-13,Operations Report,CH-US,Sunday,18.0,2.0,0.0,9.0,73,0.0273972602739726,0.2465753424657534,0.0,0.1232876712328767
2023-08-13,Operations Report,EM-LP,Sunday,18.0,2.0,0.0,9.0,73,0.0273972602739726,0.2465753424657534,0.0,0.1232876712328767
2023-08-13,Operations Report,GT-US,Sunday,18.0,2.0,0.0,9.0,73,0.0273972602739726,0.2465753424657534,0.0,0.1232876712328767
2023-08-13,Operations Report,NMS,Sunday,18.0,2.0,0.0,9.0,73,0.0273972602739726,0.2465753424657534,0.0,0.1232876712328767
2023-08-13,Operations Report,RS-DP,Sunday,18.0,2.0,0.0,9.0,73,0.0273972602739726,0.2465753424657534,0.0,0.1232876712328767
2023-08-13,Operations Report,WP-AM,Sunday,18.0,2.0,0.0,9.0,73,0.0273972602739726,0.2465753424657534,0.0,0.1232876712328767
2023-08-13,PM Service Delivery (3 PM-5 PM),CH-US,Sunday,23.0,0.0,0.0,0.0,73,0.0,0.3150684931506849,0.0,0.0
2023-08-13,PM Service Delivery (3 PM-5 PM),EM-LP,Sunday,23.0,0.0,0.0,0.0,73,0.0,0.3150684931506849,0.0,0.0
2023-08-13,PM Service Delivery (3 PM-5 PM),GT-US,Sunday,23.0,0.0,0.0,0.0,73,0.0,0.3150684931506849,0.0,0.0
2023-08-13,PM Service Delivery (3 PM-5 PM),NMS,Sunday,23.0,0.0,0.0,0.0,73,0.0,0.3150684931506849,0.0,0.0
2023-08-13,PM Service Delivery (3 PM-5 PM),RS-DP,Sunday,23.0,0.0,0.0,0.0,73,0.0,0.3150684931506849,0.0,0.0
2023-08-13,PM Service Delivery (3 PM-5 PM),WP-AM,Sunday,23.0,0.0,0.0,0.0,73,0.0,0.3150684931506849,0.0,0.0
2023-08-13,Pull-out AM (6 AM-7 AM),CH-US,Sunday,24.0,8.0,0.0,0.0,73,0.1095890410958904,0.3287671232876712,0.0,0.0
2023-08-13,Pull-out AM (6 AM-7 AM),EM-LP,Sunday,24.0,8.0,0.0,0.0,73,0.1095890410958904,0.3287671232876712,0.0,0.0
2023-08-13,Pull-out AM (6 AM-7 AM),GT-US,Sunday,24.0,8.0,0.0,0.0,73,0.1095890410958904,0.3287671232876712,0.0,0.0
2023-08-13,Pull-out AM (6 AM-7 AM),NMS,Sunday,24.0,8.0,0.0,0.0,73,0.1095890410958904,0.3287671232876712,0.0,0.0
2023-08-13,Pull-out AM (6 AM-7 AM),RS-DP,Sunday,24.0,8.0,0.0,0.0,73,0.1095890410958904,0.3287671232876712,0.0,0.0
2023-08-13,Pull-out AM (6 AM-7 AM),WP-AM,Sunday,24.0,8.0,0.0,0.0,73,0.1095890410958904,0.3287671232876712,0.0,0.0
2023-08-14,AM Service Delivery (7 AM-9 AM),CH-US,Monday-Thursday,23.0,0.0,0.0,0.0,73,0.0,0.3150684931506849,0.0,0.0
2023-08-14,AM Service Delivery (7 AM-9 AM),EM-LP,Monday-Thursday,23.0,0.0,0.0,0.0,73,0.0,0.3150684931506849,0.0,0.0
2023-08-14,AM Service Delivery (7 AM-9 AM),GT-US,Monday-Thursday,23.0,0.0,0.0,0.0,73,0.0,0.3150684931506849,0.0,0.0
2023-08-14,AM Service Delivery (7 AM-9 AM),NMS,Monday-Thursday,23.0,0.0,0.0,0.0,73,0.0,0.3150684931506849,0.0,0.0
2023-08-14,AM Service Delivery (7 AM-9 AM),RS-DP,Monday-Thursday,23.0,0.0,0.0,0.0,73,0.0,0.3150684931506849,0.0,0.0
2023-08-14,AM Service Delivery (7 AM-9 AM),WP-AM,Monday-Thursday,23.0,0.0,0.0,0.0,73,0.0,0.3150684931506849,0.0,0.0
2023-08-14,Night Service Delivery (9 PM onwards),CH-US,Monday-Thursday,22.0,0.0,0.0,0.0,73,0.0,0.3013698630136986,0.0,0.0
2023-08-14,Night Service Delivery (9 PM onwards),EM-LP,Monday-Thursday,22.0,0.0,0.0,0.0,73,0.0,0.3013698630136986,0.0,0.0
2023-08-14,Night Service Delivery (9 PM onwards),GT-US,Monday-Thursday,22.0,0.0,0.0,0.0,73,0.0,0.3013698630136986,0.0,0.0
2023-08-14,Night Service Delivery (9 PM onwards),NMS,Monday-Thursday,22.0,0.0,0.0,0.0,73,0.0,0.3013698630136986,0.0,0.0
2023-08-14,Night Service Delivery (9 PM onwards),RS-DP,Monday-Thursday,22.0,0.0,0.0,0.0,73,0.0,0.3013698630136986,0.0,0.0
2023-08-14,Night Service Delivery (9 PM onwards),WP-AM,Monday-Thursday,22.0,0.0,0.0,0.0,73,0.0,0.3013698630136986,0.0,0.0
2023-08-14,Operations Report,CH-US,Monday-Thursday,22.0,2.0,1.0,7.0,73,0.0273972602739726,0.3013698630136986,0.0136986301369863,0.0958904109589041
2023-08-14,Operations Report,EM-LP,Monday-Thursday,22.0,2.0,1.0,7.0,73,0.0273972602739726,0.3013698630136986,0.0136986301369863,0.0958904109589041
2023-08-14,Operations Report,GT-US,Monday-Thursday,22.0,2.0,1.0,7.0,73,0.0273972602739726,0.3013698630136986,0.0136986301369863,0.0958904109589041
2023-08-14,Operations Report,NMS,Monday-Thursday,22.0,2.0,1.0,7.0,73,0.0273972602739726,0.3013698630136986,0.0136986301369863,0.0958904109589041
2023-08-14,Operations Report,RS-DP,Monday-Thursday,22.0,2.0,1.0,7.0,73,0.0273972602739726,0.3013698630136986,0.0136986301369863,0.0958904109589041
2023-08-14,Operations Report,WP-AM,Monday-Thursday,22.0,2.0,1.0,7.0,73,0.0273972602739726,0.3013698630136986,0.0136986301369863,0.0958904109589041
2023-08-14,PM Service Delivery (3 PM-5 PM),CH-US,Monday-Thursday,20.0,0.0,0.0,0.0,73,0.0,0.273972602739726,0.0,0.0
2023-08-14,PM Service Delivery (3 PM-5 PM),EM-LP,Monday-Thursday,20.0,0.0,0.0,0.0,73,0.0,0.273972602739726,0.0,0.0
2023-08-14,PM Service Delivery (3 PM-5 PM),GT-US,Monday-Thursday,20.0,0.0,0.0,0.0,73,0.0,0.273972602739726,0.0,0.0
2023-08-14,PM Service Delivery (3 PM-5 PM),NMS,Monday-Thursday,20.0,0.0,0.0,0.0,73,0.0,0.273972602739726,0.0,0.0
2023-08-14,PM Service Delivery (3 PM-5 PM),RS-DP,Monday-Thursday,20.0,0.0,0.0,0.0,73,0.0,0.273972602739726,0.0,0.0
2023-08-14,PM Service Delivery (3 PM-5 PM),WP-AM,Monday-Thursday,20.0,0.0,0.0,0.0,73,0.0,0.273972602739726,0.0,0.0
2023-08-14,Pull-out AM (6 AM-7 AM),CH-US,Monday-Thursday,23.0,8.0,0.0,0.0,73,0.1095890410958904,0.3150684931506849,0.0,0.0
2023-08-14,Pull-out AM (6 AM-7 AM),EM-LP,Monday-Thursday,23.0,8.0,0.0,0.0,73,0.1095890410958904,0.3150684931506849,0.0,0.0
2023-08-14,Pull-out AM (6 AM-7 AM),GT-US,Monday-Thursday,23.0,8.0,0.0,0.0,73,0.1095890410958904,0.3150684931506849,0.0,0.0
2023-08-14,Pull-out AM (6 AM-7 AM),NMS,Monday-Thursday,23.0,8.0,0.0,0.0,73,0.1095890410958904,0.3150684931506849,0.0,0.0
2023-08-14,Pull-out AM (6 AM-7 AM),RS-DP,Monday-Thursday,23.0,8.0,0.0,0.0,73,0.1095890410958904,0.3150684931506849,0.0,0.0
2023-08-14,Pull-out AM (6 AM-7 AM),WP-AM,Monday-Thursday,23.0,8.0,0.0,0.0,73,0.1095890410958904,0.3150684931506849,0.0,0.0
2023-08-15,AM Service Delivery (7 AM-9 AM),CH-US,Monday-Thursday,28.0,0.0,0.0,0.0,73,0.0,0.3835616438356164,0.0,0.0
2023-08-15,AM Service Delivery (7 AM-9 AM),EM-LP,Monday-Thursday,28.0,0.0,0.0,0.0,73,0.0,0.3835616438356164,0.0,0.0
2023-08-15,AM Service Delivery (7 AM-9 AM),GT-US,Monday-Thursday,28.0,0.0,0.0,0.0,73,0.0,0.3835616438356164,0.0,0.0
2023-08-15,AM Service Delivery (7 AM-9 AM),NMS,Monday-Thursday,28.0,0.0,0.0,0.0,73,0.0,0.3835616438356164,0.0,0.0
2023-08-15,AM Service Delivery (7 AM-9 AM),RS-DP,Monday-Thursday,28.0,0.0,0.0,0.0,73,0.0,0.3835616438356164,0.0,0.0
2023-08-15,AM Service Delivery (7 AM-9 AM),WP-AM,Monday-Thursday,28.0,0.0,0.0,0.0,73,0.0,0.3835616438356164,0.0,0.0
2023-08-15,Operations Report,CH-US,Monday-Thursday,19.0,1.0,1.0,11.0,73,0.0136986301369863,0.2602739726027397,0.0136986301369863,0.1506849315068493
2023-08-15,Operations Report,EM-LP,Monday-Thursday,19.0,1.0,1.0,11.0,73,0.0136986301369863,0.2602739726027397,0.0136986301369863,0.1506849315068493
2023-08-15,Operations Report,GT-US,Monday-Thursday,19.0,1.0,1.0,11.0,73,0.0136986301369863,0.2602739726027397,0.0136986301369863,0.1506849315068493
2023-08-15,Operations Report,NMS,Monday-Thursday,19.0,1.0,1.0,11.0,73,0.0136986301369863,0.2602739726027397,0.0136986301369863,0.1506849315068493
2023-08-15,Operations Report,RS-DP,Monday-Thursday,19.0,1.0,1.0,11.0,73,0.0136986301369863,0.2602739726027397,0.0136986301369863,0.1506849315068493
2023-08-15,Operations Report,WP-AM,Monday-Thursday,19.0,1.0,1.0,11.0,73,0.0136986301369863,0.2602739726027397,0.0136986301369863,0.1506849315068493
2023-08-15,PM Service Delivery (3 PM-5 PM),CH-US,Monday-Thursday,29.0,0.0,0.0,0.0,73,0.0,0.3972602739726027,0.0,0.0
2023-08-15,PM Service Delivery (3 PM-5 PM),EM-LP,Monday-Thursday,29.0,0.0,0.0,0.0,73,0.0,0.3972602739726027,0.0,0.0
2023-08-15,PM Service Delivery (3 PM-5 PM),GT-US,Monday-Thursday,29.0,0.0,0.0,0.0,73,0.0,0.3972602739726027,0.0,0.0
2023-08-15,PM Service Delivery (3 PM-5 PM),NMS,Monday-Thursday,29.0,0.0,0.0,0.0,73,0.0,0.3972602739726027,0.0,0.0
2023-08-15,PM Service Delivery (3 PM-5 PM),RS-DP,Monday-Thursday,29.0,0.0,0.0,0.0,73,0.0,0.3972602739726027,0.0,0.0
2023-08-15,PM Service Delivery (3 PM-5 PM),WP-AM,Monday-Thursday,29.0,0.0,0.0,0.0,73,0.0,0.3972602739726027,0.0,0.0
2023-08-15,Pull-out AM (6 AM-7 AM),CH-US,Monday-Thursday,27.0,13.0,0.0,0.0,73,0.1780821917808219,0.3698630136986301,0.0,0.0
2023-08-15,Pull-out AM (6 AM-7 AM),EM-LP,Monday-Thursday,27.0,13.0,0.0,0.0,73,0.1780821917808219,0.3698630136986301,0.0,0.0
2023-08-15,Pull-out AM (6 AM-7 AM),GT-US,Monday-Thursday,27.0,13.0,0.0,0.0,73,0.1780821917808219,0.3698630136986301,0.0,0.0
2023-08-15,Pull-out AM (6 AM-7 AM),NMS,Monday-Thursday,27.0,13.0,0.0,0.0,73,0.1780821917808219,0.3698630136986301,0.0,0.0
2023-08-15,Pull-out AM (6 AM-7 AM),RS-DP,Monday-Thursday,27.0,13.0,0.0,0.0,73,0.1780821917808219,0.3698630136986301,0.0,0.0
2023-08-15,Pull-out AM (6 AM-7 AM),WP-AM,Monday-Thursday,27.0,13.0,0.0,0.0,73,0.1780821917808219,0.3698630136986301,0.0,0.0
2023-08-16,AM Service Delivery (7 AM-9 AM),CH-US,Monday-Thursday,25.0,0.0,0.0,0.0,73,0.0,0.3424657534246575,0.0,0.0
2023-08-16,AM Service Delivery (7 AM-9 AM),EM-LP,Monday-Thursday,25.0,0.0,0.0,0.0,73,0.0,0.3424657534246575,0.0,0.0
2023-08-16,AM Service Delivery (7 AM-9 AM),GT-US,Monday-Thursday,25.0,0.0,0.0,0.0,73,0.0,0.3424657534246575,0.0,0.0
2023-08-16,AM Service Delivery (7 AM-9 AM),NMS,Monday-Thursday,25.0,0.0,0.0,0.0,73,0.0,0.3424657534246575,0.0,0.0
2023-08-16,AM Service Delivery (7 AM-9 AM),RS-DP,Monday-Thursday,25.0,0.0,0.0,0.0,73,0.0,0.3424657534246575,0.0,0.0
2023-08-16,AM Service Delivery (7 AM-9 AM),WP-AM,Monday-Thursday,25.0,0.0,0.0,0.0,73,0.0,0.3424657534246575,0.0,0.0
2023-08-16,Operations Report,CH-US,Monday-Thursday,23.0,1.0,1.0,10.0,73,0.0136986301369863,0.3150684931506849,0.0136986301369863,0.136986301369863
2023-08-16,Operations Report,EM-LP,Monday-Thursday,23.0,1.0,1.0,10.0,73,0.0136986301369863,0.3150684931506849,0.0136986301369863,0.136986301369863
2023-08-16,Operations Report,GT-US,Monday-Thursday,23.0,1.0,1.0,10.0,73,0.0136986301369863,0.3150684931506849,0.0136986301369863,0.136986301369863
2023-08-16,Operations Report,NMS,Monday-Thursday,23.0,1.0,1.0,10.0,73,0.0136986301369863,0.3150684931506849,0.0136986301369863,0.136986301369863
2023-08-16,Operations Report,RS-DP,Monday-Thursday,23.0,1.0,1.0,10.0,73,0.0136986301369863,0.3150684931506849,0.0136986301369863,0.136986301369863
2023-08-16,Operations Report,WP-AM,Monday-Thursday,23.0,1.0,1.0,10.0,73,0.0136986301369863,0.3150684931506849,0.0136986301369863,0.136986301369863
2023-08-16,PM Service Delivery (3 PM-5 PM),CH-US,Monday-Thursday,22.0,0.0,0.0,0.0,73,0.0,0.3013698630136986,0.0,0.0
2023-08-16,PM Service Delivery (3 PM-5 PM),EM-LP,Monday-Thursday,22.0,0.0,0.0,0.0,73,0.0,0.3013698630136986,0.0,0.0
2023-08-16,PM Service Delivery (3 PM-5 PM),GT-US,Monday-Thursday,22.0,0.0,0.0,0.0,73,0.0,0.3013698630136986,0.0,0.0
2023-08-16,PM Service Delivery (3 PM-5 PM),NMS,Monday-Thursday,22.0,0.0,0.0,0.0,73,0.0,0.3013698630136986,0.0,0.0
2023-08-16,PM Service Delivery (3 PM-5 PM),RS-DP,Monday-Thursday,22.0,0.0,0.0,0.0,73,0.0,0.3013698630136986,0.0,0.0
2023-08-16,PM Service Delivery (3 PM-5 PM),WP-AM,Monday-Thursday,22.0,0.0,0.0,0.0,73,0.0,0.3013698630136986,0.0,0.0
2023-08-16,Pull-out AM (6 AM-7 AM),CH-US,Monday-Thursday,25.0,9.0,0.0,0.0,73,0.1232876712328767,0.3424657534246575,0.0,0.0
2023-08-16,Pull-out AM (6 AM-7 AM),EM-LP,Monday-Thursday,25.0,9.0,0.0,0.0,73,0.1232876712328767,0.3424657534246575,0.0,0.0
2023-08-16,Pull-out AM (6 AM-7 AM),GT-US,Monday-Thursday,25.0,9.0,0.0,0.0,73,0.1232876712328767,0.3424657534246575,0.0,0.0
2023-08-16,Pull-out AM (6 AM-7 AM),NMS,Monday-Thursday,25.0,9.0,0.0,0.0,73,0.1232876712328767,0.3424657534246575,0.0,0.0
2023-08-16,Pull-out AM (6 AM-7 AM),RS-DP,Monday-Thursday,25.0,9.0,0.0,0.0,73,0.1232876712328767,0.3424657534246575,0.0,0.0
2023-08-16,Pull-out AM (6 AM-7 AM),WP-AM,Monday-Thursday,25.0,9.0,0.0,0.0,73,0.1232876712328767,0.3424657534246575,0.0,0.0
2023-08-17,AM Service Delivery (7 AM-9 AM),CH-US,Monday-Thursday,22.0,0.0,0.0,0.0,73,0.0,0.3013698630136986,0.0,0.0
2023-08-17,AM Service Delivery (7 AM-9 AM),EM-LP,Monday-Thursday,22.0,0.0,0.0,0.0,73,0.0,0.3013698630136986,0.0,0.0
2023-08-17,AM Service Delivery (7 AM-9 AM),GT-US,Monday-Thursday,22.0,0.0,0.0,0.0,73,0.0,0.3013698630136986,0.0,0.0
2023-08-17,AM Service Delivery (7 AM-9 AM),NMS,Monday-Thursday,22.0,0.0,0.0,0.0,73,0.0,0.3013698630136986,0.0,0.0
2023-08-17,AM Service Delivery (7 AM-9 AM),RS-DP,Monday-Thursday,22.0,0.0,0.0,0.0,73,0.0,0.3013698630136986,0.0,0.0
2023-08-17,AM Service Delivery (7 AM-9 AM),WP-AM,Monday-Thursday,22.0,0.0,0.0,0.0,73,0.0,0.3013698630136986,0.0,0.0
2023-08-17,Night Service Delivery (9 PM onwards),CH-US,Monday-Thursday,19.0,4.0,0.0,0.0,73,0.0547945205479452,0.2602739726027397,0.0,0.0
2023-08-17,Night Service Delivery (9 PM onwards),EM-LP,Monday-Thursday,19.0,4.0,0.0,0.0,73,0.0547945205479452,0.2602739726027397,0.0,0.0
2023-08-17,Night Service Delivery (9 PM onwards),GT-US,Monday-Thursday,19.0,4.0,0.0,0.0,73,0.0547945205479452,0.2602739726027397,0.0,0.0
2023-08-17,Night Service Delivery (9 PM onwards),NMS,Monday-Thursday,19.0,4.0,0.0,0.0,73,0.0547945205479452,0.2602739726027397,0.0,0.0
2023-08-17,Night Service Delivery (9 PM onwards),RS-DP,Monday-Thursday,19.0,4.0,0.0,0.0,73,0.0547945205479452,0.2602739726027397,0.0,0.0
2023-08-17,Night Service Delivery (9 PM onwards),WP-AM,Monday-Thursday,19.0,4.0,0.0,0.0,73,0.0547945205479452,0.2602739726027397,0.0,0.0
2023-08-17,Operations Report,CH-US,Monday-Thursday,23.0,0.0,0.0,10.0,73,0.0,0.3150684931506849,0.0,0.136986301369863
2023-08-17,Operations Report,EM-LP,Monday-Thursday,23.0,0.0,0.0,10.0,73,0.0,0.3150684931506849,0.0,0.136986301369863
2023-08-17,Operations Report,GT-US,Monday-Thursday,23.0,0.0,0.0,10.0,73,0.0,0.3150684931506849,0.0,0.136986301369863
2023-08-17,Operations Report,NMS,Monday-Thursday,23.0,0.0,0.0,10.0,73,0.0,0.3150684931506849,0.0,0.136986301369863
2023-08-17,Operations Report,RS-DP,Monday-Thursday,23.0,0.0,0.0,10.0,73,0.0,0.3150684931506849,0.0,0.136986301369863
2023-08-17,Operations Report,WP-AM,Monday-Thursday,23.0,0.0,0.0,10.0,73,0.0,0.3150684931506849,0.0,0.136986301369863
2023-08-17,PM Service Delivery (3 PM-5 PM),CH-US,Monday-Thursday,20.0,0.0,0.0,0.0,73,0.0,0.273972602739726,0.0,0.0
2023-08-17,PM Service Delivery (3 PM-5 PM),EM-LP,Monday-Thursday,20.0,0.0,0.0,0.0,73,0.0,0.273972602739726,0.0,0.0
2023-08-17,PM Service Delivery (3 PM-5 PM),GT-US,Monday-Thursday,20.0,0.0,0.0,0.0,73,0.0,0.273972602739726,0.0,0.0
2023-08-17,PM Service Delivery (3 PM-5 PM),NMS,Monday-Thursday,20.0,0.0,0.0,0.0,73,0.0,0.273972602739726,0.0,0.0
2023-08-17,PM Service Delivery (3 PM-5 PM),RS-DP,Monday-Thursday,20.0,0.0,0.0,0.0,73,0.0,0.273972602739726,0.0,0.0
2023-08-17,PM Service Delivery (3 PM-5 PM),WP-AM,Monday-Thursday,20.0,0.0,0.0,0.0,73,0.0,0.273972602739726,0.0,0.0
2023-08-17,Pull-out AM (6 AM-7 AM),CH-US,Monday-Thursday,21.0,18.0,1.0,0.0,73,0.2465753424657534,0.2876712328767123,0.0136986301369863,0.0
2023-08-17,Pull-out AM (6 AM-7 AM),EM-LP,Monday-Thursday,21.0,18.0,1.0,0.0,73,0.2465753424657534,0.2876712328767123,0.0136986301369863,0.0
2023-08-17,Pull-out AM (6 AM-7 AM),GT-US,Monday-Thursday,21.0,18.0,1.0,0.0,73,0.2465753424657534,0.2876712328767123,0.0136986301369863,0.0
2023-08-17,Pull-out AM (6 AM-7 AM),NMS,Monday-Thursday,21.0,18.0,1.0,0.0,73,0.2465753424657534,0.2876712328767123,0.0136986301369863,0.0
2023-08-17,Pull-out AM (6 AM-7 AM),RS-DP,Monday-Thursday,21.0,18.0,1.0,0.0,73,0.2465753424657534,0.2876712328767123,0.0136986301369863,0.0
2023-08-17,Pull-out AM (6 AM-7 AM),WP-AM,Monday-Thursday,21.0,18.0,1.0,0.0,73,0.2465753424657534,0.2876712328767123,0.0136986301369863,0.0
2023-08-18,AM Service Delivery (7 AM-9 AM),CH-US,Friday,25.0,0.0,0.0,0.0,73,0.0,0.3424657534246575,0.0,0.0
2023-08-18,AM Service Delivery (7 AM-9 AM),EM-LP,Friday,25.0,0.0,0.0,0.0,73,0.0,0.3424657534246575,0.0,0.0
2023-08-18,AM Service Delivery (7 AM-9 AM),GT-US,Friday,25.0,0.0,0.0,0.0,73,0.0,0.3424657534246575,0.0,0.0
2023-08-18,AM Service Delivery (7 AM-9 AM),NMS,Friday,25.0,0.0,0.0,0.0,73,0.0,0.3424657534246575,0.0,0.0
2023-08-18,AM Service Delivery (7 AM-9 AM),RS-DP,Friday,25.0,0.0,0.0,0.0,73,0.0,0.3424657534246575,0.0,0.0
2023-08-18,AM Service Delivery (7 AM-9 AM),WP-AM,Friday,25.0,0.0,0.0,0.0,73,0.0,0.3424657534246575,0.0,0.0
2023-08-18,Night Service Delivery (9 PM onwards),CH-US,Friday,22.0,1.0,0.0,0.0,73,0.0136986301369863,0.3013698630136986,0.0,0.0
2023-08-18,Night Service Delivery (9 PM onwards),EM-LP,Friday,22.0,1.0,0.0,0.0,73,0.0136986301369863,0.3013698630136986,0.0,0.0
2023-08-18,Night Service Delivery (9 PM onwards),GT-US,Friday,22.0,1.0,0.0,0.0,73,0.0136986301369863,0.3013698630136986,0.0,0.0
2023-08-18,Night Service Delivery (9 PM onwards),NMS,Friday,22.0,1.0,0.0,0.0,73,0.0136986301369863,0.3013698630136986,0.0,0.0
2023-08-18,Night Service Delivery (9 PM onwards),RS-DP,Friday,22.0,1.0,0.0,0.0,73,0.0136986301369863,0.3013698630136986,0.0,0.0
2023-08-18,Night Service Delivery (9 PM onwards),WP-AM,Friday,22.0,1.0,0.0,0.0,73,0.0136986301369863,0.3013698630136986,0.0,0.0
2023-08-18,Operations Report,CH-US,Friday,20.0,13.0,-1.0,0.0,73,0.1780821917808219,0.273972602739726,-0.0136986301369863,0.0
2023-08-18,Operations Report,EM-LP,Friday,20.0,13.0,-1.0,0.0,73,0.1780821917808219,0.273972602739726,-0.0136986301369863,0.0
2023-08-18,Operations Report,GT-US,Friday,20.0,13.0,-1.0,0.0,73,0.1780821917808219,0.273972602739726,-0.0136986301369863,0.0
2023-08-18,Operations Report,NMS,Friday,20.0,13.0,-1.0,0.0,73,0.1780821917808219,0.273972602739726,-0.0136986301369863,0.0
2023-08-18,Operations Report,RS-DP,Friday,20.0,13.0,-1.0,0.0,73,0.1780821917808219,0.273972602739726,-0.0136986301369863,0.0
2023-08-18,Operations Report,WP-AM,Friday,20.0,13.0,-1.0,0.0,73,0.1780821917808219,0.273972602739726,-0.0136986301369863,0.0
2023-08-18,PM Service Delivery (3 PM-5 PM),CH-US,Friday,25.0,0.0,0.0,0.0,73,0.0,0.3424657534246575,0.0,0.0
2023-08-18,PM Service Delivery (3 PM-5 PM),EM-LP,Friday,25.0,0.0,0.0,0.0,73,0.0,0.3424657534246575,0.0,0.0
2023-08-18,PM Service Delivery (3 PM-5 PM),GT-US,Friday,25.0,0.0,0.0,0.0,73,0.0,0.3424657534246575,0.0,0.0
2023-08-18,PM Service Delivery (3 PM-5 PM),NMS,Friday,25.0,0.0,0.0,0.0,73,0.0,0.3424657534246575,0.0,0.0
2023-08-18,PM Service Delivery (3 PM-5 PM),RS-DP,Friday,25.0,0.0,0.0,0.0,73,0.0,0.3424657534246575,0.0,0.0
2023-08-18,PM Service Delivery (3 PM-5 PM),WP-AM,Friday,25.0,0.0,0.0,0.0,73,0.0,0.3424657534246575,0.0,0.0
2023-08-18,Pull-out AM (6 AM-7 AM),CH-US,Friday,25.0,18.0,1.0,0.0,73,0.2465753424657534,0.3424657534246575,0.0136986301369863,0.0
2023-08-18,Pull-out AM (6 AM-7 AM),EM-LP,Friday,25.0,18.0,1.0,0.0,73,0.2465753424657534,0.3424657534246575,0.0136986301369863,0.0
2023-08-18,Pull-out AM (6 AM-7 AM),GT-US,Friday,25.0,18.0,1.0,0.0,73,0.2465753424657534,0.3424657534246575,0.0136986301369863,0.0
2023-08-18,Pull-out AM (6 AM-7 AM),NMS,Friday,25.0,18.0,1.0,0.0,73,0.2465753424657534,0.3424657534246575,0.0136986301369863,0.0
2023-08-18,Pull-out AM (6 AM-7 AM),RS-DP,Friday,25.0,18.0,1.0,0.0,73,0.2465753424657534,0.3424657534246575,0.0136986301369863,0.0
2023-08-18,Pull-out AM (6 AM-7 AM),WP-AM,Friday,25.0,18.0,1.0,0.0,73,0.2465753424657534,0.3424657534246575,0.0136986301369863,0.0
2023-08-19,Night Service Delivery (9 PM onwards),CH-US,Saturday,22.0,2.0,0.0,0.0,73,0.0273972602739726,0.3013698630136986,0.0,0.0
2023-08-19,Night Service Delivery (9 PM onwards),EM-LP,Saturday,22.0,2.0,0.0,0.0,73,0.0273972602739726,0.3013698630136986,0.0,0.0
2023-08-19,Night Service Delivery (9 PM onwards),GT-US,Saturday,22.0,2.0,0.0,0.0,73,0.0273972602739726,0.3013698630136986,0.0,0.0
2023-08-19,Night Service Delivery (9 PM onwards),NMS,Saturday,22.0,2.0,0.0,0.0,73,0.0273972602739726,0.3013698630136986,0.0,0.0
2023-08-19,Night Service Delivery (9 PM onwards),RS-DP,Saturday,22.0,2.0,0.0,0.0,73,0.0273972602739726,0.3013698630136986,0.0,0.0
2023-08-19,Night Service Delivery (9 PM onwards),WP-AM,Saturday,22.0,2.0,0.0,0.0,73,0.0273972602739726,0.3013698630136986,0.0,0.0
2023-08-19,Operations Report,CH-US,Saturday,21.0,17.0,0.0,0.0,73,0.2328767123287671,0.2876712328767123,0.0,0.0
2023-08-19,Operations Report,EM-LP,Saturday,21.0,17.0,0.0,0.0,73,0.2328767123287671,0.2876712328767123,0.0,0.0
2023-08-19,Operations Report,GT-US,Saturday,21.0,17.0,0.0,0.0,73,0.2328767123287671,0.2876712328767123,0.0,0.0
2023-08-19,Operations Report,NMS,Saturday,21.0,17.0,0.0,0.0,73,0.2328767123287671,0.2876712328767123,0.0,0.0
2023-08-19,Operations Report,RS-DP,Saturday,21.0,17.0,0.0,0.0,73,0.2328767123287671,0.2876712328767123,0.0,0.0
2023-08-19,Operations Report,WP-AM,Saturday,21.0,17.0,0.0,0.0,73,0.2328767123287671,0.2876712328767123,0.0,0.0
2023-08-19,PM Service Delivery (3 PM-5 PM),CH-US,Saturday,24.0,0.0,0.0,0.0,73,0.0,0.3287671232876712,0.0,0.0
2023-08-19,PM Service Delivery (3 PM-5 PM),EM-LP,Saturday,24.0,0.0,0.0,0.0,73,0.0,0.3287671232876712,0.0,0.0
2023-08-19,PM Service Delivery (3 PM-5 PM),GT-US,Saturday,24.0,0.0,0.0,0.0,73,0.0,0.3287671232876712,0.0,0.0
2023-08-19,PM Service Delivery (3 PM-5 PM),NMS,Saturday,24.0,0.0,0.0,0.0,73,0.0,0.3287671232876712,0.0,0.0
2023-08-19,PM Service Delivery (3 PM-5 PM),RS-DP,Saturday,24.0,0.0,0.0,0.0,73,0.0,0.3287671232876712,0.0,0.0
2023-08-19,PM Service Delivery (3 PM-5 PM),WP-AM,Saturday,24.0,0.0,0.0,0.0,73,0.0,0.3287671232876712,0.0,0.0
2023-08-19,Pull-out AM (6 AM-7 AM),CH-US,Saturday,15.0,13.0,0.0,0.0,73,0.1780821917808219,0.2054794520547945,0.0,0.0
2023-08-19,Pull-out AM (6 AM-7 AM),EM-LP,Saturday,15.0,13.0,0.0,0.0,73,0.1780821917808219,0.2054794520547945,0.0,0.0
2023-08-19,Pull-out AM (6 AM-7 AM),GT-US,Saturday,15.0,13.0,0.0,0.0,73,0.1780821917808219,0.2054794520547945,0.0,0.0
2023-08-19,Pull-out AM (6 AM-7 AM),NMS,Saturday,15.0,13.0,0.0,0.0,73,0.1780821917808219,0.2054794520547945,0.0,0.0
2023-08-19,Pull-out AM (6 AM-7 AM),RS-DP,Saturday,15.0,13.0,0.0,0.0,73,0.1780821917808219,0.2054794520547945,0.0,0.0
2023-08-19,Pull-out AM (6 AM-7 AM),WP-AM,Saturday,15.0,13.0,0.0,0.0,73,0.1780821917808219,0.2054794520547945,0.0,0.0
2023-08-20,AM Service Delivery (7 AM-9 AM),CH-US,Sunday,24.0,0.0,0.0,0.0,73,0.0,0.3287671232876712,0.0,0.0
2023-08-20,AM Service Delivery (7 AM-9 AM),EM-LP,Sunday,24.0,0.0,0.0,0.0,73,0.0,0.3287671232876712,0.0,0.0
2023-08-20,AM Service Delivery (7 AM-9 AM),GT-US,Sunday,24.0,0.0,0.0,0.0,73,0.0,0.3287671232876712,0.0,0.0
2023-08-20,AM Service Delivery (7 AM-9 AM),NMS,Sunday,24.0,0.0,0.0,0.0,73,0.0,0.3287671232876712,0.0,0.0
2023-08-20,AM Service Delivery (7 AM-9 AM),RS-DP,Sunday,24.0,0.0,0.0,0.0,73,0.0,0.3287671232876712,0.0,0.0
2023-08-20,AM Service Delivery (7 AM-9 AM),WP-AM,Sunday,24.0,0.0,0.0,0.0,73,0.0,0.3287671232876712,0.0,0.0
2023-08-20,Night Service Delivery (9 PM onwards),CH-US,Sunday,22.0,3.0,0.0,0.0,73,0.0410958904109589,0.3013698630136986,0.0,0.0
2023-08-20,Night Service Delivery (9 PM onwards),EM-LP,Sunday,22.0,3.0,0.0,0.0,73,0.0410958904109589,0.3013698630136986,0.0,0.0
2023-08-20,Night Service Delivery (9 PM onwards),GT-US,Sunday,22.0,3.0,0.0,0.0,73,0.0410958904109589,0.3013698630136986,0.0,0.0
2023-08-20,Night Service Delivery (9 PM onwards),NMS,Sunday,22.0,3.0,0.0,0.0,73,0.0410958904109589,0.3013698630136986,0.0,0.0
2023-08-20,Night Service Delivery (9 PM onwards),RS-DP,Sunday,22.0,3.0,0.0,0.0,73,0.0410958904109589,0.3013698630136986,0.0,0.0
2023-08-20,Night Service Delivery (9 PM onwards),WP-AM,Sunday,22.0,3.0,0.0,0.0,73,0.0410958904109589,0.3013698630136986,0.0,0.0
2023-08-20,Operations Report,CH-US,Sunday,18.0,0.0,0.0,16.0,73,0.0,0.2465753424657534,0.0,0.2191780821917808
2023-08-20,Operations Report,EM-LP,Sunday,18.0,0.0,0.0,16.0,73,0.0,0.2465753424657534,0.0,0.2191780821917808
2023-08-20,Operations Report,GT-US,Sunday,18.0,0.0,0.0,16.0,73,0.0,0.2465753424657534,0.0,0.2191780821917808
2023-08-20,Operations Report,NMS,Sunday,18.0,0.0,0.0,16.0,73,0.0,0.2465753424657534,0.0,0.2191780821917808
2023-08-20,Operations Report,RS-DP,Sunday,18.0,0.0,0.0,16.0,73,0.0,0.2465753424657534,0.0,0.2191780821917808
2023-08-20,Operations Report,WP-AM,Sunday,18.0,0.0,0.0,16.0,73,0.0,0.2465753424657534,0.0,0.2191780821917808
2023-08-20,PM Service Delivery (3 PM-5 PM),CH-US,Sunday,23.0,0.0,0.0,0.0,73,0.0,0.3150684931506849,0.0,0.0
2023-08-20,PM Service Delivery (3 PM-5 PM),EM-LP,Sunday,23.0,0.0,0.0,0.0,73,0.0,0.3150684931506849,0.0,0.0
2023-08-20,PM Service Delivery (3 PM-5 PM),GT-US,Sunday,23.0,0.0,0.0,0.0,73,0.0,0.3150684931506849,0.0,0.0
2023-08-20,PM Service Delivery (3 PM-5 PM),NMS,Sunday,23.0,0.0,0.0,0.0,73,0.0,0.3150684931506849,0.0,0.0
2023-08-20,PM Service Delivery (3 PM-5 PM),RS-DP,Sunday,23.0,0.0,0.0,0.0,73,0.0,0.3150684931506849,0.0,0.0
2023-08-20,PM Service Delivery (3 PM-5 PM),WP-AM,Sunday,23.0,0.0,0.0,0.0,73,0.0,0.3150684931506849,0.0,0.0
2023-08-20,Pull-out AM (6 AM-7 AM),CH-US,Sunday,24.0,10.0,0.0,0.0,73,0.136986301369863,0.3287671232876712,0.0,0.0
2023-08-20,Pull-out AM (6 AM-7 AM),EM-LP,Sunday,24.0,10.0,0.0,0.0,73,0.136986301369863,0.3287671232876712,0.0,0.0
2023-08-20,Pull-out AM (6 AM-7 AM),GT-US,Sunday,24.0,10.0,0.0,0.0,73,0.136986301369863,0.3287671232876712,0.0,0.0
2023-08-20,Pull-out AM (6 AM-7 AM),NMS,Sunday,24.0,10.0,0.0,0.0,73,0.136986301369863,0.3287671232876712,0.0,0.0
2023-08-20,Pull-out AM (6 AM-7 AM),RS-DP,Sunday,24.0,10.0,0.0,0.0,73,0.136986301369863,0.3287671232876712,0.0,0.0
2023-08-20,Pull-out AM (6 AM-7 AM),WP-AM,Sunday,24.0,10.0,0.0,0.0,73,0.136986301369863,0.3287671232876712,0.0,0.0
2023-08-21,AM Service Delivery (7 AM-9 AM),CH-US,Monday-Thursday,23.0,2.0,0.0,0.0,73,0.0273972602739726,0.3150684931506849,0.0,0.0
2023-08-21,AM Service Delivery (7 AM-9 AM),EM-LP,Monday-Thursday,23.0,2.0,0.0,0.0,73,0.0273972602739726,0.3150684931506849,0.0,0.0
2023-08-21,AM Service Delivery (7 AM-9 AM),GT-US,Monday-Thursday,23.0,2.0,0.0,0.0,73,0.0273972602739726,0.3150684931506849,0.0,0.0
2023-08-21,AM Service Delivery (7 AM-9 AM),NMS,Monday-Thursday,23.0,2.0,0.0,0.0,73,0.0273972602739726,0.3150684931506849,0.0,0.0
2023-08-21,AM Service Delivery (7 AM-9 AM),RS-DP,Monday-Thursday,23.0,2.0,0.0,0.0,73,0.0273972602739726,0.3150684931506849,0.0,0.0
2023-08-21,AM Service Delivery (7 AM-9 AM),WP-AM,Monday-Thursday,23.0,2.0,0.0,0.0,73,0.0273972602739726,0.3150684931506849,0.0,0.0
2023-08-21,Night Service Delivery (9 PM onwards),CH-US,Monday-Thursday,19.0,3.0,0.0,0.0,73,0.0410958904109589,0.2602739726027397,0.0,0.0
2023-08-21,Night Service Delivery (9 PM onwards),EM-LP,Monday-Thursday,19.0,3.0,0.0,0.0,73,0.0410958904109589,0.2602739726027397,0.0,0.0
2023-08-21,Night Service Delivery (9 PM onwards),GT-US,Monday-Thursday,19.0,3.0,0.0,0.0,73,0.0410958904109589,0.2602739726027397,0.0,0.0
2023-08-21,Night Service Delivery (9 PM onwards),NMS,Monday-Thursday,19.0,3.0,0.0,0.0,73,0.0410958904109589,0.2602739726027397,0.0,0.0
2023-08-21,Night Service Delivery (9 PM onwards),RS-DP,Monday-Thursday,19.0,3.0,0.0,0.0,73,0.0410958904109589,0.2602739726027397,0.0,0.0
2023-08-21,Night Service Delivery (9 PM onwards),WP-AM,Monday-Thursday,19.0,3.0,0.0,0.0,73,0.0410958904109589,0.2602739726027397,0.0,0.0
2023-08-21,Operations Report,CH-US,Monday-Thursday,20.0,0.0,0.0,14.0,73,0.0,0.273972602739726,0.0,0.1917808219178082
2023-08-21,Operations Report,EM-LP,Monday-Thursday,20.0,0.0,0.0,14.0,73,0.0,0.273972602739726,0.0,0.1917808219178082
2023-08-21,Operations Report,GT-US,Monday-Thursday,20.0,0.0,0.0,14.0,73,0.0,0.273972602739726,0.0,0.1917808219178082
2023-08-21,Operations Report,NMS,Monday-Thursday,20.0,0.0,0.0,14.0,73,0.0,0.273972602739726,0.0,0.1917808219178082
2023-08-21,Operations Report,RS-DP,Monday-Thursday,20.0,0.0,0.0,14.0,73,0.0,0.273972602739726,0.0,0.1917808219178082
2023-08-21,Operations Report,WP-AM,Monday-Thursday,20.0,0.0,0.0,14.0,73,0.0,0.273972602739726,0.0,0.1917808219178082
2023-08-21,PM Service Delivery (3 PM-5 PM),CH-US,Monday-Thursday,23.0,0.0,0.0,0.0,73,0.0,0.3150684931506849,0.0,0.0
2023-08-21,PM Service Delivery (3 PM-5 PM),EM-LP,Monday-Thursday,23.0,0.0,0.0,0.0,73,0.0,0.3150684931506849,0.0,0.0
2023-08-21,PM Service Delivery (3 PM-5 PM),GT-US,Monday-Thursday,23.0,0.0,0.0,0.0,73,0.0,0.3150684931506849,0.0,0.0
2023-08-21,PM Service Delivery (3 PM-5 PM),NMS,Monday-Thursday,23.0,0.0,0.0,0.0,73,0.0,0.3150684931506849,0.0,0.0
2023-08-21,PM Service Delivery (3 PM-5 PM),RS-DP,Monday-Thursday,23.0,0.0,0.0,0.0,73,0.0,0.3150684931506849,0.0,0.0
2023-08-21,PM Service Delivery (3 PM-5 PM),WP-AM,Monday-Thursday,23.0,0.0,0.0,0.0,73,0.0,0.3150684931506849,0.0,0.0
2023-08-21,Pull-out AM (6 AM-7 AM),CH-US,Monday-Thursday,31.0,5.0,0.0,0.0,73,0.0684931506849315,0.4246575342465753,0.0,0.0
2023-08-21,Pull-out AM (6 AM-7 AM),EM-LP,Monday-Thursday,31.0,5.0,0.0,0.0,73,0.0684931506849315,0.4246575342465753,0.0,0.0
2023-08-21,Pull-out AM (6 AM-7 AM),GT-US,Monday-Thursday,31.0,5.0,0.0,0.0,73,0.0684931506849315,0.4246575342465753,0.0,0.0
2023-08-21,Pull-out AM (6 AM-7 AM),NMS,Monday-Thursday,31.0,5.0,0.0,0.0,73,0.0684931506849315,0.4246575342465753,0.0,0.0
2023-08-21,Pull-out AM (6 AM-7 AM),RS-DP,Monday-Thursday,31.0,5.0,0.0,0.0,73,0.0684931506849315,0.4246575342465753,0.0,0.0
2023-08-21,Pull-out AM (6 AM-7 AM),WP-AM,Monday-Thursday,31.0,5.0,0.0,0.0,73,0.0684931506849315,0.4246575342465753,0.0,0.0
2023-08-22,AM Service Delivery (7 AM-9 AM),CH-US,Monday-Thursday,21.0,1.0,1.0,0.0,73,0.0136986301369863,0.2876712328767123,0.0136986301369863,0.0
2023-08-22,AM Service Delivery (7 AM-9 AM),EM-LP,Monday-Thursday,21.0,1.0,1.0,0.0,73,0.0136986301369863,0.2876712328767123,0.0136986301369863,0.0
2023-08-22,AM Service Delivery (7 AM-9 AM),GT-US,Monday-Thursday,21.0,1.0,1.0,0.0,73,0.0136986301369863,0.2876712328767123,0.0136986301369863,0.0
2023-08-22,AM Service Delivery (7 AM-9 AM),NMS,Monday-Thursday,21.0,1.0,1.0,0.0,73,0.0136986301369863,0.2876712328767123,0.0136986301369863,0.0
2023-08-22,AM Service Delivery (7 AM-9 AM),RS-DP,Monday-Thursday,21.0,1.0,1.0,0.0,73,0.0136986301369863,0.2876712328767123,0.0136986301369863,0.0
2023-08-22,AM Service Delivery (7 AM-9 AM),WP-AM,Monday-Thursday,21.0,1.0,1.0,0.0,73,0.0136986301369863,0.2876712328767123,0.0136986301369863,0.0
2023-08-22,Night Service Delivery (9 PM onwards),CH-US,Monday-Thursday,19.0,0.0,0.0,0.0,73,0.0,0.2602739726027397,0.0,0.0
2023-08-22,Night Service Delivery (9 PM onwards),EM-LP,Monday-Thursday,19.0,0.0,0.0,0.0,73,0.0,0.2602739726027397,0.0,0.0
2023-08-22,Night Service Delivery (9 PM onwards),GT-US,Monday-Thursday,19.0,0.0,0.0,0.0,73,0.0,0.2602739726027397,0.0,0.0
2023-08-22,Night Service Delivery (9 PM onwards),NMS,Monday-Thursday,19.0,0.0,0.0,0.0,73,0.0,0.2602739726027397,0.0,0.0
2023-08-22,Night Service Delivery (9 PM onwards),RS-DP,Monday-Thursday,19.0,0.0,0.0,0.0,73,0.0,0.2602739726027397,0.0,0.0
2023-08-22,Night Service Delivery (9 PM onwards),WP-AM,Monday-Thursday,19.0,0.0,0.0,0.0,73,0.0,0.2602739726027397,0.0,0.0
2023-08-22,Operations Report,CH-US,Monday-Thursday,20.0,1.0,0.0,8.0,73,0.0136986301369863,0.273972602739726,0.0,0.1095890410958904
2023-08-22,Operations Report,EM-LP,Monday-Thursday,20.0,1.0,0.0,8.0,73,0.0136986301369863,0.273972602739726,0.0,0.1095890410958904
2023-08-22,Operations Report,GT-US,Monday-Thursday,20.0,1.0,0.0,8.0,73,0.0136986301369863,0.273972602739726,0.0,0.1095890410958904
2023-08-22,Operations Report,NMS,Monday-Thursday,20.0,1.0,0.0,8.0,73,0.0136986301369863,0.273972602739726,0.0,0.1095890410958904
2023-08-22,Operations Report,RS-DP,Monday-Thursday,20.0,1.0,0.0,8.0,73,0.0136986301369863,0.273972602739726,0.0,0.1095890410958904
2023-08-22,Operations Report,WP-AM,Monday-Thursday,20.0,1.0,0.0,8.0,73,0.0136986301369863,0.273972602739726,0.0,0.1095890410958904
2023-08-22,PM Service Delivery (3 PM-5 PM),CH-US,Monday-Thursday,20.0,0.0,0.0,0.0,73,0.0,0.273972602739726,0.0,0.0
2023-08-22,PM Service Delivery (3 PM-5 PM),EM-LP,Monday-Thursday,20.0,0.0,0.0,0.0,73,0.0,0.273972602739726,0.0,0.0
2023-08-22,PM Service Delivery (3 PM-5 PM),GT-US,Monday-Thursday,20.0,0.0,0.0,0.0,73,0.0,0.273972602739726,0.0,0.0
2023-08-22,PM Service Delivery (3 PM-5 PM),NMS,Monday-Thursday,20.0,0.0,0.0,0.0,73,0.0,0.273972602739726,0.0,0.0
2023-08-22,PM Service Delivery (3 PM-5 PM),RS-DP,Monday-Thursday,20.0,0.0,0.0,0.0,73,0.0,0.273972602739726,0.0,0.0
2023-08-22,PM Service Delivery (3 PM-5 PM),WP-AM,Monday-Thursday,20.0,0.0,0.0,0.0,73,0.0,0.273972602739726,0.0,0.0
2023-08-22,Pull-out AM (6 AM-7 AM),CH-US,Monday-Thursday,22.0,8.0,0.0,0.0,73,0.1095890410958904,0.3013698630136986,0.0,0.0
2023-08-22,Pull-out AM (6 AM-7 AM),EM-LP,Monday-Thursday,22.0,8.0,0.0,0.0,73,0.1095890410958904,0.3013698630136986,0.0,0.0
2023-08-22,Pull-out AM (6 AM-7 AM),GT-US,Monday-Thursday,22.0,8.0,0.0,0.0,73,0.1095890410958904,0.3013698630136986,0.0,0.0
2023-08-22,Pull-out AM (6 AM-7 AM),NMS,Monday-Thursday,22.0,8.0,0.0,0.0,73,0.1095890410958904,0.3013698630136986,0.0,0.0
2023-08-22,Pull-out AM (6 AM-7 AM),RS-DP,Monday-Thursday,22.0,8.0,0.0,0.0,73,0.1095890410958904,0.3013698630136986,0.0,0.0
2023-08-22,Pull-out AM (6 AM-7 AM),WP-AM,Monday-Thursday,22.0,8.0,0.0,0.0,73,0.1095890410958904,0.3013698630136986,0.0,0.0
2023-08-23,AM Service Delivery (7 AM-9 AM),CH-US,Monday-Thursday,19.0,0.0,1.0,0.0,73,0.0,0.2602739726027397,0.0136986301369863,0.0
2023-08-23,AM Service Delivery (7 AM-9 AM),EM-LP,Monday-Thursday,19.0,0.0,1.0,0.0,73,0.0,0.2602739726027397,0.0136986301369863,0.0
2023-08-23,AM Service Delivery (7 AM-9 AM),GT-US,Monday-Thursday,19.0,0.0,1.0,0.0,73,0.0,0.2602739726027397,0.0136986301369863,0.0
2023-08-23,AM Service Delivery (7 AM-9 AM),NMS,Monday-Thursday,19.0,0.0,1.0,0.0,73,0.0,0.2602739726027397,0.0136986301369863,0.0
2023-08-23,AM Service Delivery (7 AM-9 AM),RS-DP,Monday-Thursday,19.0,0.0,1.0,0.0,73,0.0,0.2602739726027397,0.0136986301369863,0.0
2023-08-23,AM Service Delivery (7 AM-9 AM),WP-AM,Monday-Thursday,19.0,0.0,1.0,0.0,73,0.0,0.2602739726027397,0.0136986301369863,0.0
2023-08-23,Night Service Delivery (9 PM onwards),CH-US,Monday-Thursday,21.0,0.0,0.0,0.0,73,0.0,0.2876712328767123,0.0,0.0
2023-08-23,Night Service Delivery (9 PM onwards),EM-LP,Monday-Thursday,21.0,0.0,0.0,0.0,73,0.0,0.2876712328767123,0.0,0.0
2023-08-23,Night Service Delivery (9 PM onwards),GT-US,Monday-Thursday,21.0,0.0,0.0,0.0,73,0.0,0.2876712328767123,0.0,0.0
2023-08-23,Night Service Delivery (9 PM onwards),NMS,Monday-Thursday,21.0,0.0,0.0,0.0,73,0.0,0.2876712328767123,0.0,0.0
2023-08-23,Night Service Delivery (9 PM onwards),RS-DP,Monday-Thursday,21.0,0.0,0.0,0.0,73,0.0,0.2876712328767123,0.0,0.0
2023-08-23,Night Service Delivery (9 PM onwards),WP-AM,Monday-Thursday,21.0,0.0,0.0,0.0,73,0.0,0.2876712328767123,0.0,0.0
2023-08-23,Operations Report,CH-US,Monday-Thursday,20.0,0.0,0.0,11.0,73,0.0,0.273972602739726,0.0,0.1506849315068493
2023-08-23,Operations Report,EM-LP,Monday-Thursday,20.0,0.0,0.0,11.0,73,0.0,0.273972602739726,0.0,0.1506849315068493
2023-08-23,Operations Report,GT-US,Monday-Thursday,20.0,0.0,0.0,11.0,73,0.0,0.273972602739726,0.0,0.1506849315068493
2023-08-23,Operations Report,NMS,Monday-Thursday,20.0,0.0,0.0,11.0,73,0.0,0.273972602739726,0.0,0.1506849315068493
2023-08-23,Operations Report,RS-DP,Monday-Thursday,20.0,0.0,0.0,11.0,73,0.0,0.273972602739726,0.0,0.1506849315068493
2023-08-23,Operations Report,WP-AM,Monday-Thursday,20.0,0.0,0.0,11.0,73,0.0,0.273972602739726,0.0,0.1506849315068493
2023-08-23,PM Service Delivery (3 PM-5 PM),CH-US,Monday-Thursday,22.0,0.0,0.0,0.0,73,0.0,0.3013698630136986,0.0,0.0
2023-08-23,PM Service Delivery (3 PM-5 PM),EM-LP,Monday-Thursday,22.0,0.0,0.0,0.0,73,0.0,0.3013698630136986,0.0,0.0
2023-08-23,PM Service Delivery (3 PM-5 PM),GT-US,Monday-Thursday,22.0,0.0,0.0,0.0,73,0.0,0.3013698630136986,0.0,0.0
2023-08-23,PM Service Delivery (3 PM-5 PM),NMS,Monday-Thursday,22.0,0.0,0.0,0.0,73,0.0,0.3013698630136986,0.0,0.0
2023-08-23,PM Service Delivery (3 PM-5 PM),RS-DP,Monday-Thursday,22.0,0.0,0.0,0.0,73,0.0,0.3013698630136986,0.0,0.0
2023-08-23,PM Service Delivery (3 PM-5 PM),WP-AM,Monday-Thursday,22.0,0.0,0.0,0.0,73,0.0,0.3013698630136986,0.0,0.0
2023-08-23,Pull-out AM (6 AM-7 AM),CH-US,Monday-Thursday,20.0,11.0,0.0,0.0,73,0.1506849315068493,0.273972602739726,0.0,0.0
2023-08-23,Pull-out AM (6 AM-7 AM),EM-LP,Monday-Thursday,20.0,11.0,0.0,0.0,73,0.1506849315068493,0.273972602739726,0.0,0.0
2023-08-23,Pull-out AM (6 AM-7 AM),GT-US,Monday-Thursday,20.0,11.0,0.0,0.0,73,0.1506849315068493,0.273972602739726,0.0,0.0
2023-08-23,Pull-out AM (6 AM-7 AM),NMS,Monday-Thursday,20.0,11.0,0.0,0.0,73,0.1506849315068493,0.273972602739726,0.0,0.0
2023-08-23,Pull-out AM (6 AM-7 AM),RS-DP,Monday-Thursday,20.0,11.0,0.0,0.0,73,0.1506849315068493,0.273972602739726,0.0,0.0
2023-08-23,Pull-out AM (6 AM-7 AM),WP-AM,Monday-Thursday,20.0,11.0,0.0,0.0,73,0.1506849315068493,0.273972602739726,0.0,0.0
2023-08-24,AM Service Delivery (7 AM-9 AM),CH-US,Monday-Thursday,24.0,0.0,1.0,0.0,73,0.0,0.3287671232876712,0.0136986301369863,0.0
2023-08-24,AM Service Delivery (7 AM-9 AM),EM-LP,Monday-Thursday,24.0,0.0,1.0,0.0,73,0.0,0.3287671232876712,0.0136986301369863,0.0
2023-08-24,AM Service Delivery (7 AM-9 AM),GT-US,Monday-Thursday,24.0,0.0,1.0,0.0,73,0.0,0.3287671232876712,0.0136986301369863,0.0
2023-08-24,AM Service Delivery (7 AM-9 AM),NMS,Monday-Thursday,24.0,0.0,1.0,0.0,73,0.0,0.3287671232876712,0.0136986301369863,0.0
2023-08-24,AM Service Delivery (7 AM-9 AM),RS-DP,Monday-Thursday,24.0,0.0,1.0,0.0,73,0.0,0.3287671232876712,0.0136986301369863,0.0
2023-08-24,AM Service Delivery (7 AM-9 AM),WP-AM,Monday-Thursday,24.0,0.0,1.0,0.0,73,0.0,0.3287671232876712,0.0136986301369863,0.0
2023-08-24,Night Service Delivery (9 PM onwards),CH-US,Monday-Thursday,22.0,0.0,0.0,0.0,73,0.0,0.3013698630136986,0.0,0.0
2023-08-24,Night Service Delivery (9 PM onwards),EM-LP,Monday-Thursday,22.0,0.0,0.0,0.0,73,0.0,0.3013698630136986,0.0,0.0
2023-08-24,Night Service Delivery (9 PM onwards),GT-US,Monday-Thursday,22.0,0.0,0.0,0.0,73,0.0,0.3013698630136986,0.0,0.0
2023-08-24,Night Service Delivery (9 PM onwards),NMS,Monday-Thursday,22.0,0.0,0.0,0.0,73,0.0,0.3013698630136986,0.0,0.0
2023-08-24,Night Service Delivery (9 PM onwards),RS-DP,Monday-Thursday,22.0,0.0,0.0,0.0,73,0.0,0.3013698630136986,0.0,0.0
2023-08-24,Night Service Delivery (9 PM onwards),WP-AM,Monday-Thursday,22.0,0.0,0.0,0.0,73,0.0,0.3013698630136986,0.0,0.0
2023-08-24,Operations Report,CH-US,Monday-Thursday,20.0,0.0,0.0,11.0,73,0.0,0.273972602739726,0.0,0.1506849315068493
2023-08-24,Operations Report,EM-LP,Monday-Thursday,20.0,0.0,0.0,11.0,73,0.0,0.273972602739726,0.0,0.1506849315068493
2023-08-24,Operations Report,GT-US,Monday-Thursday,20.0,0.0,0.0,11.0,73,0.0,0.273972602739726,0.0,0.1506849315068493
2023-08-24,Operations Report,NMS,Monday-Thursday,20.0,0.0,0.0,11.0,73,0.0,0.273972602739726,0.0,0.1506849315068493
2023-08-24,Operations Report,RS-DP,Monday-Thursday,20.0,0.0,0.0,11.0,73,0.0,0.273972602739726,0.0,0.1506849315068493
2023-08-24,Operations Report,WP-AM,Monday-Thursday,20.0,0.0,0.0,11.0,73,0.0,0.273972602739726,0.0,0.1506849315068493
2023-08-24,Pull-out AM (6 AM-7 AM),CH-US,Monday-Thursday,17.0,17.0,1.0,0.0,73,0.2328767123287671,0.2328767123287671,0.0136986301369863,0.0
2023-08-24,Pull-out AM (6 AM-7 AM),EM-LP,Monday-Thursday,17.0,17.0,1.0,0.0,73,0.2328767123287671,0.2328767123287671,0.0136986301369863,0.0
2023-08-24,Pull-out AM (6 AM-7 AM),GT-US,Monday-Thursday,17.0,17.0,1.0,0.0,73,0.2328767123287671,0.2328767123287671,0.0136986301369863,0.0
2023-08-24,Pull-out AM (6 AM-7 AM),NMS,Monday-Thursday,17.0,17.0,1.0,0.0,73,0.2328767123287671,0.2328767123287671,0.0136986301369863,0.0
2023-08-24,Pull-out AM (6 AM-7 AM),RS-DP,Monday-Thursday,17.0,17.0,1.0,0.0,73,0.2328767123287671,0.2328767123287671,0.0136986301369863,0.0
2023-08-24,Pull-out AM (6 AM-7 AM),WP-AM,Monday-Thursday,17.0,17.0,1.0,0.0,73,0.2328767123287671,0.2328767123287671,0.0136986301369863,0.0
2023-08-25,AM Service Delivery (7 AM-9 AM),CH-US,Friday,20.0,0.0,1.0,0.0,73,0.0,0.273972602739726,0.0136986301369863,0.0
2023-08-25,AM Service Delivery (7 AM-9 AM),EM-LP,Friday,20.0,0.0,1.0,0.0,73,0.0,0.273972602739726,0.0136986301369863,0.0
2023-08-25,AM Service Delivery (7 AM-9 AM),GT-US,Friday,20.0,0.0,1.0,0.0,73,0.0,0.273972602739726,0.0136986301369863,0.0
2023-08-25,AM Service Delivery (7 AM-9 AM),NMS,Friday,20.0,0.0,1.0,0.0,73,0.0,0.273972602739726,0.0136986301369863,0.0
2023-08-25,AM Service Delivery (7 AM-9 AM),RS-DP,Friday,20.0,0.0,1.0,0.0,73,0.0,0.273972602739726,0.0136986301369863,0.0
2023-08-25,AM Service Delivery (7 AM-9 AM),WP-AM,Friday,20.0,0.0,1.0,0.0,73,0.0,0.273972602739726,0.0136986301369863,0.0
2023-08-25,Night Service Delivery (9 PM onwards),CH-US,Friday,18.0,0.0,0.0,0.0,73,0.0,0.2465753424657534,0.0,0.0
2023-08-25,Night Service Delivery (9 PM onwards),EM-LP,Friday,18.0,0.0,0.0,0.0,73,0.0,0.2465753424657534,0.0,0.0
2023-08-25,Night Service Delivery (9 PM onwards),GT-US,Friday,18.0,0.0,0.0,0.0,73,0.0,0.2465753424657534,0.0,0.0
2023-08-25,Night Service Delivery (9 PM onwards),NMS,Friday,18.0,0.0,0.0,0.0,73,0.0,0.2465753424657534,0.0,0.0
2023-08-25,Night Service Delivery (9 PM onwards),RS-DP,Friday,18.0,0.0,0.0,0.0,73,0.0,0.2465753424657534,0.0,0.0
2023-08-25,Night Service Delivery (9 PM onwards),WP-AM,Friday,18.0,0.0,0.0,0.0,73,0.0,0.2465753424657534,0.0,0.0
2023-08-25,PM Service Delivery (3 PM-5 PM),CH-US,Friday,18.0,3.0,0.0,0.0,73,0.0410958904109589,0.2465753424657534,0.0,0.0
2023-08-25,PM Service Delivery (3 PM-5 PM),EM-LP,Friday,18.0,3.0,0.0,0.0,73,0.0410958904109589,0.2465753424657534,0.0,0.0
2023-08-25,PM Service Delivery (3 PM-5 PM),GT-US,Friday,18.0,3.0,0.0,0.0,73,0.0410958904109589,0.2465753424657534,0.0,0.0
2023-08-25,PM Service Delivery (3 PM-5 PM),NMS,Friday,18.0,3.0,0.0,0.0,73,0.0410958904109589,0.2465753424657534,0.0,0.0
2023-08-25,PM Service Delivery (3 PM-5 PM),RS-DP,Friday,18.0,3.0,0.0,0.0,73,0.0410958904109589,0.2465753424657534,0.0,0.0
2023-08-25,PM Service Delivery (3 PM-5 PM),WP-AM,Friday,18.0,3.0,0.0,0.0,73,0.0410958904109589,0.2465753424657534,0.0,0.0
2023-08-25,Pull-out AM (6 AM-7 AM),CH-US,Friday,16.0,16.0,1.0,0.0,73,0.2191780821917808,0.2191780821917808,0.0136986301369863,0.0
2023-08-25,Pull-out AM (6 AM-7 AM),EM-LP,Friday,16.0,16.0,1.0,0.0,73,0.2191780821917808,0.2191780821917808,0.0136986301369863,0.0
2023-08-25,Pull-out AM (6 AM-7 AM),GT-US,Friday,16.0,16.0,1.0,0.0,73,0.2191780821917808,0.2191780821917808,0.0136986301369863,0.0
2023-08-25,Pull-out AM (6 AM-7 AM),NMS,Friday,16.0,16.0,1.0,0.0,73,0.2191780821917808,0.2191780821917808,0.0136986301369863,0.0
2023-08-25,Pull-out AM (6 AM-7 AM),RS-DP,Friday,16.0,16.0,1.0,0.0,73,0.2191780821917808,0.2191780821917808,0.0136986301369863,0.0
2023-08-25,Pull-out AM (6 AM-7 AM),WP-AM,Friday,16.0,16.0,1.0,0.0,73,0.2191780821917808,0.2191780821917808,0.0136986301369863,0.0
2023-08-26,AM Service Delivery (7 AM-9 AM),CH-US,Saturday,21.0,0.0,0.0,0.0,73,0.0,0.2876712328767123,0.0,0.0
2023-08-26,AM Service Delivery (7 AM-9 AM),EM-LP,Saturday,21.0,0.0,0.0,0.0,73,0.0,0.2876712328767123,0.0,0.0
2023-08-26,AM Service Delivery (7 AM-9 AM),GT-US,Saturday,21.0,0.0,0.0,0.0,73,0.0,0.2876712328767123,0.0,0.0
2023-08-26,AM Service Delivery (7 AM-9 AM),NMS,Saturday,21.0,0.0,0.0,0.0,73,0.0,0.2876712328767123,0.0,0.0
2023-08-26,AM Service Delivery (7 AM-9 AM),RS-DP,Saturday,21.0,0.0,0.0,0.0,73,0.0,0.2876712328767123,0.0,0.0
2023-08-26,AM Service Delivery (7 AM-9 AM),WP-AM,Saturday,21.0,0.0,0.0,0.0,73,0.0,0.2876712328767123,0.0,0.0
2023-08-26,Night Service Delivery (9 PM onwards),CH-US,Saturday,22.0,4.0,0.0,0.0,73,0.0547945205479452,0.3013698630136986,0.0,0.0
2023-08-26,Night Service Delivery (9 PM onwards),EM-LP,Saturday,22.0,4.0,0.0,0.0,73,0.0547945205479452,0.3013698630136986,0.0,0.0
2023-08-26,Night Service Delivery (9 PM onwards),GT-US,Saturday,22.0,4.0,0.0,0.0,73,0.0547945205479452,0.3013698630136986,0.0,0.0
2023-08-26,Night Service Delivery (9 PM onwards),NMS,Saturday,22.0,4.0,0.0,0.0,73,0.0547945205479452,0.3013698630136986,0.0,0.0
2023-08-26,Night Service Delivery (9 PM onwards),RS-DP,Saturday,22.0,4.0,0.0,0.0,73,0.0547945205479452,0.3013698630136986,0.0,0.0
2023-08-26,Night Service Delivery (9 PM onwards),WP-AM,Saturday,22.0,4.0,0.0,0.0,73,0.0547945205479452,0.3013698630136986,0.0,0.0
2023-08-26,PM Service Delivery (3 PM-5 PM),CH-US,Saturday,21.0,0.0,0.0,0.0,73,0.0,0.2876712328767123,0.0,0.0
2023-08-26,PM Service Delivery (3 PM-5 PM),EM-LP,Saturday,21.0,0.0,0.0,0.0,73,0.0,0.2876712328767123,0.0,0.0
2023-08-26,PM Service Delivery (3 PM-5 PM),GT-US,Saturday,21.0,0.0,0.0,0.0,73,0.0,0.2876712328767123,0.0,0.0
2023-08-26,PM Service Delivery (3 PM-5 PM),NMS,Saturday,21.0,0.0,0.0,0.0,73,0.0,0.2876712328767123,0.0,0.0
2023-08-26,PM Service Delivery (3 PM-5 PM),RS-DP,Saturday,21.0,0.0,0.0,0.0,73,0.0,0.2876712328767123,0.0,0.0
2023-08-26,PM Service Delivery (3 PM-5 PM),WP-AM,Saturday,21.0,0.0,0.0,0.0,73,0.0,0.2876712328767123,0.0,0.0
2023-08-26,Pull-out AM (6 AM-7 AM),CH-US,Saturday,17.0,15.0,0.0,0.0,73,0.2054794520547945,0.2328767123287671,0.0,0.0
2023-08-26,Pull-out AM (6 AM-7 AM),EM-LP,Saturday,17.0,15.0,0.0,0.0,73,0.2054794520547945,0.2328767123287671,0.0,0.0
2023-08-26,Pull-out AM (6 AM-7 AM),GT-US,Saturday,17.0,15.0,0.0,0.0,73,0.2054794520547945,0.2328767123287671,0.0,0.0
2023-08-26,Pull-out AM (6 AM-7 AM),NMS,Saturday,17.0,15.0,0.0,0.0,73,0.2054794520547945,0.2328767123287671,0.0,0.0
2023-08-26,Pull-out AM (6 AM-7 AM),RS-DP,Saturday,17.0,15.0,0.0,0.0,73,0.2054794520547945,0.2328767123287671,0.0,0.0
2023-08-26,Pull-out AM (6 AM-7 AM),WP-AM,Saturday,17.0,15.0,0.0,0.0,73,0.2054794520547945,0.2328767123287671,0.0,0.0
2023-08-27,AM Service Delivery (7 AM-9 AM),CH-US,Sunday,23.0,0.0,0.0,0.0,73,0.0,0.3150684931506849,0.0,0.0
2023-08-27,AM Service Delivery (7 AM-9 AM),EM-LP,Sunday,23.0,0.0,0.0,0.0,73,0.0,0.3150684931506849,0.0,0.0
2023-08-27,AM Service Delivery (7 AM-9 AM),GT-US,Sunday,23.0,0.0,0.0,0.0,73,0.0,0.3150684931506849,0.0,0.0
2023-08-27,AM Service Delivery (7 AM-9 AM),NMS,Sunday,23.0,0.0,0.0,0.0,73,0.0,0.3150684931506849,0.0,0.0
2023-08-27,AM Service Delivery (7 AM-9 AM),RS-DP,Sunday,23.0,0.0,0.0,0.0,73,0.0,0.3150684931506849,0.0,0.0
2023-08-27,AM Service Delivery (7 AM-9 AM),WP-AM,Sunday,23.0,0.0,0.0,0.0,73,0.0,0.3150684931506849,0.0,0.0
2023-08-27,Pull-out AM (6 AM-7 AM),CH-US,Sunday,25.0,11.0,0.0,0.0,73,0.1506849315068493,0.3424657534246575,0.0,0.0
2023-08-27,Pull-out AM (6 AM-7 AM),EM-LP,Sunday,25.0,11.0,0.0,0.0,73,0.1506849315068493,0.3424657534246575,0.0,0.0
2023-08-27,Pull-out AM (6 AM-7 AM),GT-US,Sunday,25.0,11.0,0.0,0.0,73,0.1506849315068493,0.3424657534246575,0.0,0.0
2023-08-27,Pull-out AM (6 AM-7 AM),NMS,Sunday,25.0,11.0,0.0,0.0,73,0.1506849315068493,0.3424657534246575,0.0,0.0
2023-08-27,Pull-out AM (6 AM-7 AM),RS-DP,Sunday,25.0,11.0,0.0,0.0,73,0.1506849315068493,0.3424657534246575,0.0,0.0
2023-08-27,Pull-out AM (6 AM-7 AM),WP-AM,Sunday,25.0,11.0,0.0,0.0,73,0.1506849315068493,0.3424657534246575,0.0,0.0
